ID,Date,Name,Age,Father's Name,Father's Occupation,Address,City,State,Pincode,School Name,Board,Course,Email ID,Ph No,Gender,Specialization,How did they know about the college,Talk Start Duration,Talk End Duration,Marketer Assigned,Inquiry Type,Called
1,01-01-2024,Aadi,24,Neha,Farmer,"H.No. 711, Dave Zila, Noida 274660",Anantapuram,Tamil Nadu,713743,Chinmaya Vidyalaya,ICSE,MBA,gaurangi00@example.org,+91 3396972575,Female,Marketing,Friends,13:23:52,13:44:52,Lakshmi,"No Interest, Brochure Request",No
2,01-01-2024,Anirudh,24,Aditya,Businessman,"346, Nagy Chowk, Panchkula-742774",Nanded,Tamil Nadu,892846,National Public School,State,MBA,faraj03@example.net,+91 4376451504,Male,Marketing,Website,13:46:28,13:53:28,Lakshmi,Scope of the course,No
3,01-01-2024,Jatin,19,Balendra,Farmer,"47, Taneja, Moradabad-213150",Burhanpur,Kerala,844745,Chinmaya Vidyalaya,CBSE,MBA,dominic34@example.com,+91 +919170862757,Female,Operations,Cricket Match,15:55:02,16:38:02,Lakshmi,"Availability of Hostel facility, Brochure Request",Yes
4,01-01-2024,Shaurya,24,Jagdish,Farmer,"67/60, Karnik Street, Ratlam 833436",Panchkula,Kerala,67009,St. Joseph's Matriculation,ICSE,BBA,pathakfalak@example.org,+91 00836680698,Male,Finance,Friends,12:03:42,12:21:42,Lakshmi,"Scope of the course, No.of candidates placed",Yes
5,01-01-2024,Ishanvi,24,Vanya,Farmer,"76/54, Garg Ganj, Secunderabad 308431",Alappuzha,Tamil Nadu,815678,National Public School,CBSE,MBA,hritiknazareth@example.org,+91 00179662150,Female,Marketing,Friends,10:02:30,11:00:30,Lakshmi,"Fee Structure Inquiry, Campus Location, No.of candidates placed",Yes
6,01-01-2024,Shravya,22,Darpan,Businessman,"25/80, Nagi Ganj, Adoni 468993",Hapur,Kerala,647277,Narayana Group,CBSE,BBA,gvarty@example.org,+91 +910738134841,Female,HR,Social media,12:35:46,13:32:46,Lakshmi,"Other Queries, Specialization available, Brochure Request",Yes
7,01-01-2024,Max,18,Nakul,Farmer,"60/22, Kumar Marg, Hapur 514754",South Dumdum,Telugu,908858,National Public School,State,MBA,dghose@example.org,+91 06634948396,Female,Operations,Cricket Match,12:20:19,12:46:19,Lakshmi,"Campus Location, Scope of the course",No
8,01-01-2024,Janya,17,Jasmit,Engineer,"H.No. 835, Dewan Ganj, Nandyal-655044",Howrah,Telugu,709140,Chinmaya Vidyalaya,State,BBA,bchar@example.org,+91 9901947516,Male,HR,LinkedIn,16:21:07,17:18:07,Lakshmi,"Brochure Request, Scope of the course, Fee Structure Inquiry",No
9,01-01-2024,Lajita,18,Ekanta,Farmer,"490, Mander Zila, Mira-Bhayandar 971569",Hajipur,Kerala,371848,Narayana Group,State,BBA,cmorar@example.net,+91 9603653706,Female,Finance,Website,13:14:47,14:14:47,Lakshmi,"No.of candidates placed, No Interest",No
10,01-01-2024,Avni,19,Aryan,Teacher,"47/541, Setty Ganj, Siliguri-348868",North Dumdum,Telugu,732186,Narayana Group,CBSE,BBA,hbora@example.org,+91 5325379782,Female,Operations,Social media,17:12:14,17:21:14,Lakshmi,"No Interest, Brochure Request",Yes
11,01-01-2024,Nandini,25,Jyoti,Teacher,"82, Karnik Street, Hazaribagh 174681",Erode,Telugu,209854,Vidhya Mandir,ICSE,BBA,arjunsubramanian@example.net,+91 +910255568861,Female,HR,Website,13:17:38,13:38:38,Lakshmi,"No.of candidates placed, Brochure Request",No
12,01-01-2024,Yashica,18,Jairaj,Engineer,"H.No. 463, Buch Nagar, Bally-256509",Rourkela,Telugu,964089,Don Bosco School,State,MBA,bedihritik@example.org,+91 +919254255062,Male,Marketing,Social media,12:09:33,13:05:33,Lakshmi,"No.of candidates placed, Campus Location, Placement opportunities",No
13,01-01-2024,Prisha,25,Bhanumati,Businessman,"H.No. 64, Pall Ganj, Navi Mumbai-906593",Aligarh,Kerala,179325,Vidhya Mandir,ICSE,MBA,xmahajan@example.org,+91 3098193075,Male,Finance,Social media,12:23:17,12:45:17,Lakshmi,"Availability of Hostel facility, Brochure Request",Yes
14,01-01-2024,Jagvi,23,Rachana,Engineer,"45/771, Oommen Path, Nandyal 639085",Saharsa,Tamil Nadu,364207,Don Bosco School,State,BBA,chackoaayush@example.com,+91 06246978345,Female,Marketing,Website,10:02:37,10:59:37,Lakshmi,"Availability of Hostel facility, Fee Structure Inquiry, Campus Location",Yes
15,01-01-2024,Ojas,18,Tristan,Engineer,"H.No. 49, Sankar Circle, Delhi 974993",Machilipatnam,Telugu,817631,St. Joseph's Matriculation,ICSE,MBA,hsuresh@example.net,+91 06711553883,Female,HR,Social media,13:04:36,13:43:36,Lakshmi,Brochure Request,No
16,01-01-2024,Gaurav,20,Nitesh,Farmer,"911, Sarma Ganj, Secunderabad 753914",Sagar,Kerala,210296,Narayana Group,CBSE,MBA,chandransahota@example.net,+91 1262822926,Female,Operations,LinkedIn,09:32:34,09:37:34,Lakshmi,Availability of Hostel facility,Yes
17,01-01-2024,Inaya,20,Jackson,Teacher,"555, Contractor Path, Ratlam 090817",Mumbai,Tamil Nadu,718513,National Public School,CBSE,MBA,omkaardivan@example.com,+91 5780906559,Male,Marketing,Social media,13:38:32,14:14:32,Lakshmi,"Placement opportunities, No Interest",Yes
18,01-01-2024,Naveen,18,Isaac,Farmer,"64, Mammen Street, Bokaro 586438",Mysore,Tamil Nadu,255556,Narayana Group,ICSE,MBA,kakarpavani@example.net,+91 08746825406,Male,Finance,Cricket Match,17:40:57,18:30:57,Lakshmi,"Other Queries, Brochure Request, Availability of Hostel facility",Yes
19,01-01-2024,Gauri,20,Anthony,Doctor,"25/033, Sama Chowk, Jammu-925324",Eluru,Tamil Nadu,233622,Vidhya Mandir,State,MBA,lahuja@example.com,+91 4916921591,Female,Marketing,Social media,17:16:34,17:51:34,Lakshmi,"Other Queries, Placement opportunities, No.of candidates placed",Yes
20,01-01-2024,Sai,24,Aishani,Doctor,"79/64, Ganguly Zila, Rohtak-595507",Thoothukudi,Telugu,524750,Vidhya Mandir,CBSE,MBA,zachariahadweta@example.org,+91 06000143091,Female,Finance,Cricket Match,13:02:40,13:52:40,Lakshmi,Specialization available,Yes
21,01-01-2024,Ekantika,19,Brinda,Businessman,"927, Datta Path, Jamshedpur-445169",Pune,Tamil Nadu,992470,St. Joseph's Matriculation,CBSE,BBA,radha72@example.org,+91 1025100757,Male,Operations,Website,15:35:14,16:02:14,Lakshmi,"No.of candidates placed, Fee Structure Inquiry",Yes
22,01-01-2024,Keya,25,Unnati,Businessman,"H.No. 74, Solanki Zila, Bhopal-903694",Tiruppur,Tamil Nadu,199979,Chinmaya Vidyalaya,State,BBA,krishaluthra@example.org,+91 2209696245,Male,Marketing,Friends,17:55:46,18:19:46,Lakshmi,Brochure Request,Yes
23,01-01-2024,Patrick,20,Gautami,Doctor,"12/95, Randhawa Street, Miryalaguda 319523",Pimpri-Chinchwad,Tamil Nadu,839311,National Public School,ICSE,MBA,cjohal@example.com,+91 00188794989,Male,HR,LinkedIn,09:16:05,09:33:05,Lakshmi,"Campus Location, Availability of Hostel facility",Yes
24,01-01-2024,Indrajit,21,Garima,Farmer,"H.No. 96, Baral Ganj, Coimbatore 916844",Kharagpur,Kerala,232197,Narayana Group,State,MBA,sahnieta@example.net,+91 5619391205,Female,Operations,Social media,17:15:16,17:32:16,Lakshmi,"Placement opportunities, Brochure Request",No
25,01-01-2024,Gaurika,21,Januja,Doctor,"61/456, Dara Road, Hubli–Dharwad-718945",Uluberia,Tamil Nadu,816373,Vidhya Mandir,State,MBA,nachiket81@example.net,+91 +918447405042,Male,Operations,Social media,16:38:57,17:00:57,Lakshmi,"Availability of Hostel facility, Scope of the course",Yes
26,01-01-2024,Fariq,21,Siya,Teacher,"H.No. 780, Pillay Street, Serampore 943778",Hubli–Dharwad,Kerala,905051,Chinmaya Vidyalaya,State,MBA,rmander@example.org,+91 +910216193866,Male,HR,Cricket Match,12:32:52,12:43:52,Jenifer,"Specialization available, Campus Location",No
27,01-01-2024,Bhavini,21,Vrishti,Businessman,"671, Kant Ganj, Muzaffarnagar-116325",Bongaigaon,Tamil Nadu,870757,Chinmaya Vidyalaya,CBSE,BBA,ladharrison@example.net,+91 6714719992,Male,Marketing,Website,11:08:49,11:28:49,Jenifer,Specialization available,No
28,01-01-2024,Upadhriti,22,Riya,Doctor,"548, Bhattacharyya Nagar, Bhubaneswar-159901",Srinagar,Tamil Nadu,316326,National Public School,ICSE,BBA,bhanumati62@example.org,+91 +917558956182,Female,HR,LinkedIn,12:47:29,13:24:29,Jenifer,Brochure Request,No
29,01-01-2024,Wishi,24,Qushi,Teacher,"H.No. 160, Sodhi Ganj, Darbhanga-034872",Nanded,Telugu,987986,Chinmaya Vidyalaya,State,BBA,menonoeshi@example.com,+91 6102921512,Male,HR,LinkedIn,11:03:14,11:08:14,Jenifer,Scope of the course,No
30,01-01-2024,Prisha,19,Upkaar,Farmer,"77, Dyal Marg, Gandhidham 197845",Bijapur,Kerala,758915,St. Joseph's Matriculation,ICSE,BBA,charvichaudhary@example.org,+91 9091692036,Male,HR,Friends,09:55:57,10:51:57,Jenifer,"Fee Structure Inquiry, Placement opportunities",No
31,01-01-2024,Jyoti,25,Dhriti,Businessman,"64/19, Gandhi Zila, Muzaffarpur-793432",Hapur,Kerala,844599,Don Bosco School,CBSE,BBA,natarajaneshana@example.net,+91 +917663244626,Female,Marketing,Website,09:44:15,09:57:15,Jenifer,"Campus Location, No Interest, Other Queries",No
32,01-01-2024,Victor,19,Fariq,Doctor,"88, Narang Ganj, Mirzapur 162977",Buxar,Kerala,778446,National Public School,ICSE,BBA,falan73@example.org,+91 02192365681,Female,Operations,Cricket Match,13:09:58,13:38:58,Jenifer,"Scope of the course, Placement opportunities",No
33,01-01-2024,Isaac,18,Hemani,Engineer,"554, Bora, Latur 506347",Bhalswa Jahangir Pur,Telugu,322135,Don Bosco School,ICSE,BBA,ladgirik@example.net,+91 +912128485620,Female,Operations,Social media,14:30:08,15:21:08,Jenifer,"Specialization available, Other Queries",No
34,01-01-2024,Hredhaan,18,Eta,Doctor,"43, Viswanathan, Rohtak-005215",Bhubaneswar,Kerala,89859,Chinmaya Vidyalaya,CBSE,MBA,mangalonkar@example.org,+91 07314551921,Male,Finance,Cricket Match,17:30:56,18:19:56,Jenifer,"Scope of the course, Brochure Request",Yes
35,01-01-2024,Ganga,25,Yashoda,Engineer,"84, Mallick Chowk, Jorhat 009629",Kochi,Telugu,856042,St. Joseph's Matriculation,ICSE,MBA,krishnarout@example.org,+91 08337549489,Male,Finance,LinkedIn,13:44:37,14:36:37,Jenifer,"Fee Structure Inquiry, Campus Location, Specialization available",Yes
36,01-01-2024,Caleb,19,Gayathri,Businessman,"H.No. 601, Sane Nagar, Nanded 113432",Ramgarh,Tamil Nadu,655966,Don Bosco School,ICSE,BBA,yashawinimadan@example.org,+91 09804863254,Male,Finance,Website,15:28:53,16:01:53,Jenifer,"Availability of Hostel facility, No Interest",No
37,01-01-2024,Kavya,20,Sanya,Engineer,"H.No. 27, Chaudhuri Circle, Kochi-595284",Naihati,Tamil Nadu,233306,Chinmaya Vidyalaya,State,MBA,ggandhi@example.com,+91 05769331979,Female,Finance,LinkedIn,16:22:20,16:47:20,Jenifer,Availability of Hostel facility,No
38,01-01-2024,Samaksh,25,Manbir,Doctor,"669, Sani Zila, Rajpur Sonarpur-345832",Munger,Telugu,297225,National Public School,CBSE,BBA,wpatla@example.org,+91 6455685543,Male,Operations,Cricket Match,10:48:02,11:42:02,Jenifer,"Campus Location, Placement opportunities, Fee Structure Inquiry",Yes
39,01-01-2024,Andrew,21,Daksh,Farmer,"62/703, Savant Circle, Rajpur Sonarpur 921884",Bhilai,Telugu,832316,National Public School,CBSE,BBA,khatriarya@example.com,+91 7771649378,Male,Marketing,Website,17:58:33,18:22:33,Jenifer,Other Queries,Yes
40,01-01-2024,Arin,25,Thomas,Businessman,"71/623, Tripathi Nagar, Mango-225005",Dewas,Tamil Nadu,636363,Narayana Group,State,MBA,eshanadugar@example.net,+91 +918367224424,Female,HR,Social media,15:08:49,15:57:49,Jenifer,"Campus Location, Placement opportunities",No
41,01-01-2024,Aachal,21,Hritik,Businessman,"36/476, Varty Ganj, Bally 201390",Mango,Kerala,456072,Vidhya Mandir,State,MBA,ymisra@example.net,+91 +913902187040,Female,HR,Social media,12:45:01,13:22:01,Jenifer,"Fee Structure Inquiry, Brochure Request",Yes
42,01-01-2024,Shivansh,23,Chakradhar,Doctor,"H.No. 708, Nori Street, Guntakal 392631",Chennai,Kerala,391197,National Public School,CBSE,MBA,thomasupadhyay@example.org,+91 05662996664,Female,HR,LinkedIn,15:10:34,15:58:34,Jenifer,"Fee Structure Inquiry, No.of candidates placed, Brochure Request",Yes
43,01-01-2024,Ati,23,Isaiah,Businessman,"05, Banik Ganj, Hubli–Dharwad-333685",Akola,Tamil Nadu,180409,Don Bosco School,CBSE,MBA,ghayer@example.net,+91 3640137787,Female,HR,Website,14:42:05,15:22:05,Jenifer,"Other Queries, Campus Location, Fee Structure Inquiry",No
44,01-01-2024,Oliver,17,Nihal,Businessman,"70/31, Narain Circle, Katihar-578965",Begusarai,Tamil Nadu,477901,National Public School,ICSE,MBA,tarakdas@example.org,+91 00071200207,Male,Finance,Cricket Match,14:02:41,14:14:41,Jenifer,"Fee Structure Inquiry, No Interest, Availability of Hostel facility",No
45,01-01-2024,Yagnesh,25,Upkaar,Businessman,"H.No. 394, Chand Path, Mehsana 173048",Sonipat,Telugu,688773,Narayana Group,CBSE,MBA,bajwatriveni@example.org,+91 2488715799,Male,Finance,Cricket Match,14:56:19,15:52:19,Jenifer,Placement opportunities,No
46,01-01-2024,Ubika,17,Banjeet,Doctor,"645, Gill Chowk, Bahraich 304959",Faridabad,Kerala,204074,Chinmaya Vidyalaya,ICSE,MBA,gardeyamini@example.net,+91 9482496070,Female,Marketing,Cricket Match,13:59:38,14:57:38,Jenifer,"Availability of Hostel facility, Other Queries, Scope of the course",Yes
47,01-01-2024,Chakrika,20,Netra,Engineer,"96/720, Patil Ganj, Nagpur-490169",Hazaribagh,Kerala,119134,National Public School,State,MBA,dhillonikshita@example.com,+91 01340497824,Male,Operations,Cricket Match,14:44:26,15:21:26,Jenifer,"Campus Location, Brochure Request",Yes
48,01-01-2024,Upadhriti,25,Zarna,Farmer,"033, Sahota Street, Bilaspur 818247",Gangtok,Telugu,785540,St. Joseph's Matriculation,ICSE,MBA,manyabansal@example.com,+91 +910738312308,Female,Finance,LinkedIn,10:35:56,11:11:56,Jenifer,No.of candidates placed,Yes
49,01-01-2024,Upma,17,Ekaja,Teacher,"559, Misra Street, Khammam-130236",Pali,Kerala,28195,National Public School,ICSE,MBA,sastryabhiram@example.net,+91 2096304009,Female,Finance,Cricket Match,09:55:02,10:10:02,Jenifer,"Fee Structure Inquiry, Brochure Request",No
50,01-01-2024,Rajata,25,Advik,Farmer,"84/79, Talwar Street, Jaunpur 642168",Morbi,Telugu,281329,National Public School,ICSE,MBA,udarsh92@example.org,+91 06482594717,Male,HR,Friends,13:43:52,14:43:52,Jenifer,"Specialization available, Brochure Request, Campus Location",Yes
51,01-01-2024,Vinaya,17,Ira,Businessman,"H.No. 03, Deshmukh Nagar, Kota-219871",Bongaigaon,Telugu,642322,Chinmaya Vidyalaya,ICSE,MBA,jasmitsaran@example.net,+91 03495022078,Female,Operations,Cricket Match,17:05:54,18:02:54,Raj,Brochure Request,No
52,01-01-2024,Warjas,21,Daksha,Farmer,"69, Natt Zila, Tiruppur 018114",Dibrugarh,Telugu,557348,Chinmaya Vidyalaya,ICSE,BBA,kamya79@example.net,+91 +916387878706,Male,Marketing,Website,15:08:31,15:22:31,Raj,"Fee Structure Inquiry, Placement opportunities, Brochure Request",No
53,01-01-2024,Tanvi,17,Radha,Teacher,"27/23, Sibal Chowk, Junagadh 303701",Dindigul,Kerala,567956,Don Bosco School,CBSE,BBA,meghana91@example.org,+91 +919261275856,Female,Operations,Friends,15:24:11,15:45:11,Raj,Campus Location,Yes
54,01-01-2024,Falan,22,Nakul,Farmer,"12, Toor Ganj, Mangalore-534117",Gwalior,Kerala,699198,Don Bosco School,ICSE,MBA,mmurty@example.com,+91 9463297133,Male,Finance,Social media,13:03:13,13:23:13,Raj,"No.of candidates placed, Brochure Request",No
55,01-01-2024,Damini,24,Urmi,Engineer,"198, Din Circle, Muzaffarpur-035087",Sagar,Tamil Nadu,793198,St. Joseph's Matriculation,CBSE,MBA,brijesh62@example.com,+91 08733050483,Female,HR,Website,14:55:28,15:23:28,Raj,No.of candidates placed,No
56,01-01-2024,Vinaya,18,Jairaj,Doctor,"522, Rattan Marg, Hospet 574599",Patna,Kerala,623718,Don Bosco School,State,BBA,wyatt54@example.net,+91 02661391389,Female,Marketing,LinkedIn,13:53:49,14:29:49,Raj,Campus Location,Yes
57,01-01-2024,Tanvi,19,Wahab,Farmer,"H.No. 69, Pau Road, Nellore-415865",Solapur,Tamil Nadu,712448,National Public School,ICSE,BBA,brindamunshi@example.org,+91 +913155037100,Female,Marketing,Website,14:16:18,14:28:18,Raj,No Interest,No
58,01-01-2024,Faqid,25,Azad,Businessman,"848, Bala Nagar, Karimnagar 365574",Nandyal,Telugu,310642,National Public School,State,BBA,rhari@example.net,+91 +916290993750,Female,Operations,Social media,16:12:52,17:01:52,Raj,"Fee Structure Inquiry, Specialization available, No.of candidates placed",Yes
59,01-01-2024,Ati,23,Janani,Doctor,"82, Devi Nagar, Bhiwandi-393371",Pune,Kerala,19852,Narayana Group,ICSE,MBA,cnatt@example.net,+91 +918614173863,Female,HR,Cricket Match,11:58:51,12:34:51,Raj,Campus Location,Yes
60,01-01-2024,Yagnesh,19,Ekanta,Farmer,"H.No. 169, Trivedi Path, Nanded-590247",Mathura,Kerala,582512,National Public School,State,MBA,cnath@example.net,+91 +918194779689,Female,HR,Friends,14:11:04,14:46:04,Raj,"Campus Location, Brochure Request",No
61,01-01-2024,Udant,19,Ekanta,Farmer,"H.No. 93, Date Circle, Bhusawal-569529",Guntur,Kerala,483960,Narayana Group,State,BBA,wridesh61@example.com,+91 4158771012,Male,Marketing,Social media,17:31:29,17:46:29,Raj,Placement opportunities,Yes
62,01-01-2024,Oliver,23,Geetika,Doctor,"71/208, Biswas Path, Guwahati 796603",Visakhapatnam,Telugu,353765,National Public School,CBSE,BBA,darshnarula@example.com,+91 +919537442941,Female,Marketing,Cricket Match,15:44:28,15:56:28,Raj,"Placement opportunities, Campus Location",Yes
63,01-01-2024,Arjun,19,Xiti,Businessman,"35/486, Choudhary Zila, Dehradun-473831",Jamnagar,Telugu,317770,Chinmaya Vidyalaya,CBSE,MBA,warinder61@example.net,+91 5475608068,Female,Operations,Social media,12:40:32,12:59:32,Raj,"No Interest, Fee Structure Inquiry, Brochure Request",No
64,01-01-2024,Kevin,25,Aarnav,Teacher,"00/14, Issac Nagar, Buxar-324689",Gaya,Telugu,524487,St. Joseph's Matriculation,State,MBA,horanihal@example.com,+91 +915663460589,Male,Marketing,Website,11:29:40,12:14:40,Raj,"No.of candidates placed, Specialization available",No
65,01-01-2024,Logan,24,Turvi,Businessman,"63, Tak Road, Bihar Sharif 177953",Malegaon,Tamil Nadu,969990,St. Joseph's Matriculation,CBSE,BBA,naveencontractor@example.net,+91 09502873820,Male,HR,LinkedIn,11:42:03,12:11:03,Raj,No.of candidates placed,No
66,01-01-2024,Sneha,20,Aahana,Businessman,"462, Gala Marg, Shivpuri-619510",Vijayanagaram,Telugu,932888,Vidhya Mandir,CBSE,BBA,ramaswamyyutika@example.net,+91 6910335093,Male,Marketing,Website,17:08:46,18:04:46,Raj,"No Interest, Specialization available",Yes
67,01-01-2024,Ikshita,25,Triya,Farmer,"55/66, More Marg, Pune-781391",Patiala,Telugu,627070,National Public School,CBSE,MBA,ckaur@example.com,+91 +913336061343,Male,Finance,Friends,14:23:32,15:11:32,Raj,"Other Queries, Specialization available",Yes
68,01-01-2024,Amruta,18,Sachi,Teacher,"00/49, Seshadri Path, Amroha-738090",Arrah,Kerala,911999,Don Bosco School,CBSE,BBA,yvasa@example.com,+91 +917805361004,Female,HR,Social media,17:39:57,18:05:57,Raj,"No Interest, Placement opportunities, Campus Location",No
69,01-01-2024,Lohit,22,Akshay,Engineer,"56/282, Balakrishnan Path, Secunderabad 552039",Haridwar,Tamil Nadu,482684,Vidhya Mandir,ICSE,MBA,janya40@example.com,+91 +917958858506,Female,Marketing,LinkedIn,11:18:43,11:32:43,Raj,Campus Location,No
70,01-01-2024,Darsh,19,Waida,Farmer,"H.No. 323, De Path, Sikar 284103",Alappuzha,Kerala,574287,National Public School,State,BBA,nsahota@example.org,+91 02931788938,Male,Finance,Website,12:54:56,13:20:56,Raj,Placement opportunities,No
71,01-01-2024,Jalsa,19,Nidra,Doctor,"41/497, Kohli Circle, Bhubaneswar 525806",Belgaum,Tamil Nadu,607942,St. Joseph's Matriculation,CBSE,MBA,avi25@example.org,+91 +911549845219,Male,Operations,Friends,10:32:42,11:21:42,Raj,No.of candidates placed,No
72,01-01-2024,Maanas,19,Bhavna,Businessman,"00/92, Chokshi Circle, Katihar 917525",Madanapalle,Kerala,250565,St. Joseph's Matriculation,CBSE,BBA,brindadoshi@example.net,+91 +916990129592,Female,HR,Cricket Match,16:03:40,16:26:40,Raj,"Specialization available, No Interest, Other Queries",No
73,01-01-2024,Damini,18,Fitan,Farmer,"H.No. 60, Dhar Path, Tinsukia 063320",Darbhanga,Kerala,757588,Chinmaya Vidyalaya,ICSE,MBA,lakshitganguly@example.net,+91 +912286692898,Female,Marketing,Friends,12:34:37,12:42:37,Raj,"No.of candidates placed, Brochure Request, Fee Structure Inquiry",Yes
74,01-01-2024,Vaishnavi,19,Akshay,Businessman,"H.No. 772, Handa Marg, Nanded-949778",Jabalpur,Telugu,763259,St. Joseph's Matriculation,State,MBA,girishbuch@example.net,+91 05542615543,Male,Operations,Friends,10:06:32,10:54:32,Raj,"No Interest, No.of candidates placed",Yes
75,01-01-2024,Kavya,17,Adweta,Engineer,"65, Borah Nagar, Jaunpur 235378",Kozhikode,Tamil Nadu,736696,St. Joseph's Matriculation,CBSE,BBA,gdora@example.org,+91 +917639369289,Female,Marketing,LinkedIn,15:35:17,16:33:17,Raj,"Campus Location, No Interest, Fee Structure Inquiry",Yes
76,01-01-2024,Mason,18,Girindra,Farmer,"442, Andra Street, Asansol 963147",Lucknow,Kerala,928726,Vidhya Mandir,CBSE,MBA,valatarak@example.com,+91 +911872072170,Male,Operations,Cricket Match,14:05:35,15:03:35,Priya,"No Interest, No.of candidates placed, Fee Structure Inquiry",Yes
77,01-01-2024,Triya,21,Umang,Farmer,"H.No. 315, Pai Circle, Visakhapatnam 267433",Malda,Kerala,766048,Narayana Group,State,MBA,pallaleela@example.net,+91 +911178746201,Female,Operations,Friends,09:57:18,10:22:18,Priya,"Availability of Hostel facility, Scope of the course",No
78,01-01-2024,Amaira,22,Geetika,Engineer,"H.No. 60, Vora Chowk, Dhule-935419",Thoothukudi,Tamil Nadu,542187,National Public School,CBSE,MBA,nilima62@example.com,+91 04762887751,Female,HR,Cricket Match,12:48:21,13:06:21,Priya,"Placement opportunities, Fee Structure Inquiry",Yes
79,01-01-2024,Nihal,21,Wakeeta,Businessman,"78, Sood Chowk, Muzaffarpur-900298",Medininagar,Tamil Nadu,138721,National Public School,CBSE,MBA,ekbaldara@example.com,+91 +910816677938,Female,Marketing,Website,11:36:20,12:16:20,Priya,"Other Queries, Specialization available",No
80,01-01-2024,Hardik,23,Hemal,Engineer,"57/28, Deshmukh Marg, Sri Ganganagar 058639",Tiruvottiyur,Telugu,746990,Narayana Group,ICSE,BBA,shivanshkothari@example.net,+91 +912784940181,Male,Finance,Social media,14:47:29,15:21:29,Priya,"Other Queries, No.of candidates placed",No
81,01-01-2024,Udyati,17,Aarna,Engineer,"H.No. 402, Seth Circle, Gulbarga 521782",Surendranagar Dudhrej,Tamil Nadu,404941,Don Bosco School,ICSE,BBA,gavinpal@example.net,+91 0907786285,Female,HR,Cricket Match,13:23:21,14:02:21,Priya,"Fee Structure Inquiry, Placement opportunities",Yes
82,01-01-2024,Samar,19,Dipta,Teacher,"634, Mohan Chowk, Karawal Nagar-864299",Gopalpur,Tamil Nadu,449361,National Public School,CBSE,BBA,vedasaxena@example.com,+91 02657262651,Male,Operations,Website,11:49:18,12:00:18,Priya,"No Interest, Scope of the course",Yes
83,01-01-2024,Champak,17,Vyanjana,Engineer,"H.No. 712, Kaur Nagar, Alappuzha 968668",Dehradun,Telugu,913624,St. Joseph's Matriculation,CBSE,BBA,kamya99@example.net,+91 0844113584,Male,Marketing,Social media,16:29:37,16:48:37,Priya,"Campus Location, Fee Structure Inquiry",Yes
84,01-01-2024,Gaurika,22,Yashasvi,Engineer,"H.No. 357, Amble Ganj, Dehri-301095",Gulbarga,Tamil Nadu,307545,National Public School,ICSE,BBA,uaggarwal@example.net,+91 6211490959,Male,Operations,Website,16:25:18,16:37:18,Priya,"Brochure Request, Other Queries, No Interest",Yes
85,01-01-2024,Omisha,21,Radhika,Farmer,"963, Pandya Zila, Thane 210333",Nizamabad,Telugu,986454,Don Bosco School,CBSE,MBA,ckarpe@example.com,+91 +913556007904,Male,Marketing,Website,14:43:26,15:09:26,Priya,"Other Queries, Placement opportunities, Availability of Hostel facility",Yes
86,01-01-2024,Jagat,25,Qabil,Engineer,"07/03, Lala Zila, Tirupati-436571",Etawah,Telugu,336458,Narayana Group,State,MBA,gavin86@example.com,+91 00770813493,Female,HR,Cricket Match,14:38:22,15:23:22,Priya,No.of candidates placed,Yes
87,01-01-2024,Peter,24,Ranbir,Engineer,"H.No. 36, Rajagopalan Zila, Miryalaguda-481227",Khora ,Telugu,612083,Vidhya Mandir,ICSE,MBA,vaidyayuvraj@example.org,+91 07377713518,Female,Finance,Cricket Match,17:25:32,17:37:32,Priya,Availability of Hostel facility,Yes
88,01-01-2024,Idika,18,Kala,Doctor,"93/748, Bansal Circle, Rewa 192834",Cuttack,Telugu,593181,Don Bosco School,ICSE,BBA,aarna72@example.org,+91 1165254231,Male,Operations,LinkedIn,17:22:09,17:29:09,Priya,"No.of candidates placed, Specialization available, Fee Structure Inquiry",No
89,01-01-2024,Atharv,18,Karan,Farmer,"H.No. 66, Loke Path, Madanapalle-593485",Pudukkottai,Kerala,834513,Vidhya Mandir,CBSE,MBA,isaac20@example.org,+91 0680628041,Female,Finance,Friends,11:20:58,11:26:58,Priya,"Scope of the course, Campus Location, Fee Structure Inquiry",Yes
90,01-01-2024,Abeer,17,Maanas,Teacher,"H.No. 10, Krish Circle, Ghaziabad 116088",Latur,Tamil Nadu,94094,St. Joseph's Matriculation,ICSE,MBA,jalsasahota@example.org,+91 +913279021650,Female,HR,Social media,10:07:34,10:43:34,Priya,"Campus Location, Specialization available, Other Queries",No
91,01-01-2024,Samar,25,Jonathan,Engineer,"H.No. 14, Khatri Street, Jamnagar 815964",Firozabad,Telugu,174095,National Public School,CBSE,BBA,nilimamani@example.org,+91 7720156002,Male,HR,Website,17:02:09,17:30:09,Priya,"No.of candidates placed, Fee Structure Inquiry, Specialization available",No
92,01-01-2024,William,21,Harsh,Engineer,"62/63, Gulati Path, Gudivada-523864",Sasaram,Kerala,798617,Don Bosco School,ICSE,MBA,sdua@example.org,+91 1977066950,Male,Marketing,Website,11:17:59,12:00:59,Priya,"Other Queries, Scope of the course, No Interest",No
93,01-01-2024,Kritika,18,Tanveer,Farmer,"67/865, Shetty Path, Bhilwara 851229",Naihati,Tamil Nadu,410983,St. Joseph's Matriculation,ICSE,BBA,rachit70@example.net,+91 08790539387,Male,Operations,Website,13:30:35,14:24:35,Priya,"Scope of the course, Campus Location, Specialization available",Yes
94,01-01-2024,Jacob,18,Joshua,Businessman,"H.No. 54, Bal Chowk, Dharmavaram-662705",Shimoga,Kerala,935528,Narayana Group,CBSE,BBA,walilavanya@example.net,+91 5832767149,Female,Operations,Social media,10:37:49,11:21:49,Priya,"Specialization available, Availability of Hostel facility",Yes
95,01-01-2024,Vrishti,25,Saanvi,Engineer,"H.No. 10, Behl Nagar, Salem 763845",Bhagalpur,Tamil Nadu,65780,National Public School,CBSE,BBA,xraval@example.net,+91 08821739132,Female,Marketing,LinkedIn,12:21:09,12:58:09,Priya,Scope of the course,No
96,01-01-2024,Finn,21,Urvashi,Businessman,"10, Dani Path, Rewa 729744",Sri Ganganagar,Tamil Nadu,35765,St. Joseph's Matriculation,ICSE,BBA,bakhshi60@example.net,+91 +915642822751,Female,HR,Social media,14:19:45,14:29:45,Priya,"No.of candidates placed, No Interest",Yes
97,01-01-2024,Januja,22,Forum,Farmer,"64, Dar Chowk, Thrissur 560853",Sikar,Tamil Nadu,50913,National Public School,ICSE,MBA,anagi@example.org,+91 6131478393,Male,Operations,Friends,13:10:06,13:20:06,Priya,"No.of candidates placed, Campus Location, Placement opportunities",No
98,01-01-2024,Aadhya,18,Hemang,Teacher,"78/502, Chatterjee Ganj, Tumkur 655240",Morbi,Kerala,681425,Vidhya Mandir,State,MBA,nathansalvi@example.org,+91 01391904378,Male,Operations,Website,14:46:07,15:13:07,Priya,Other Queries,Yes
99,01-01-2024,Zarna,21,Qadim,Engineer,"729, Karnik Circle, Chinsurah 899312",Gorakhpur,Tamil Nadu,938261,Chinmaya Vidyalaya,ICSE,BBA,vgola@example.org,+91 9124572195,Male,Operations,Friends,13:54:38,14:34:38,Priya,Availability of Hostel facility,No
100,01-01-2024,Daksh,22,Pallavi,Engineer,"859, Bobal Street, Vadodara 222685",Mango,Tamil Nadu,239606,St. Joseph's Matriculation,CBSE,BBA,utkarshcontractor@example.net,+91 0317562271,Male,HR,Social media,15:14:06,15:35:06,Priya,"Scope of the course, Fee Structure Inquiry",Yes
101,02-01-2024,Ishani,22,Omya,Engineer,"27/389, Sagar Road, Sangli-Miraj & Kupwad 013898",Udaipur,Kerala,538563,Chinmaya Vidyalaya,CBSE,MBA,sdhillon@example.com,+91 08796057695,Male,Finance,Website,12:23:11,12:54:11,Lakshmi,"No Interest, Specialization available, No.of candidates placed",No
102,02-01-2024,Irya,20,Devika,Farmer,"343, Peri Street, Secunderabad 770404",Hubli–Dharwad,Tamil Nadu,690199,Chinmaya Vidyalaya,CBSE,BBA,somneel@example.org,+91 05275242850,Female,Finance,Friends,16:02:23,16:25:23,Lakshmi,Specialization available,No
103,02-01-2024,Dayamai,17,Avi,Doctor,"H.No. 10, Kanda Chowk, Davanagere 818957",Bhagalpur,Telugu,484484,Narayana Group,State,BBA,aradhananagy@example.net,+91 7928927759,Male,Finance,Cricket Match,14:53:09,15:35:09,Lakshmi,Placement opportunities,Yes
104,02-01-2024,Lakshit,24,Divya,Doctor,"96/730, Bobal Street, Bidhannagar-954611",Akola,Tamil Nadu,97707,Narayana Group,ICSE,BBA,jrajagopal@example.net,+91 07042433058,Male,Finance,Website,11:44:41,12:09:41,Lakshmi,Scope of the course,Yes
105,02-01-2024,Rohan,19,Yochana,Doctor,"21/03, Venkataraman Path, Sri Ganganagar 759829",Jodhpur,Kerala,168735,St. Joseph's Matriculation,CBSE,BBA,keeroliver@example.net,+91 +915486207872,Female,Marketing,Website,16:38:59,17:06:59,Lakshmi,Fee Structure Inquiry,Yes
106,02-01-2024,Wyatt,17,Qarin,Farmer,"H.No. 45, Kota Path, Uluberia 875003",Bhagalpur,Tamil Nadu,605525,Chinmaya Vidyalaya,State,BBA,narasimhangopal@example.com,+91 +919106888097,Male,Marketing,Friends,09:55:18,10:54:18,Lakshmi,"Brochure Request, Scope of the course",Yes
107,02-01-2024,Imaran,19,Mohammed,Businessman,"H.No. 09, Bobal Marg, Saharsa-490905",Kanpur,Telugu,955988,Don Bosco School,ICSE,MBA,barkhasengupta@example.net,+91 +918737493040,Female,Finance,Friends,14:16:48,15:04:48,Lakshmi,"Placement opportunities, Other Queries",No
108,02-01-2024,Ronith,23,Yash,Teacher,"H.No. 89, Sarma Street, Eluru-886449",Durgapur,Kerala,512018,National Public School,ICSE,MBA,kalehemal@example.org,+91 02467789098,Female,Operations,Friends,14:25:56,14:32:56,Lakshmi,Other Queries,Yes
109,02-01-2024,Charita,23,Ekanta,Teacher,"89, Chhabra Nagar, Nandyal-318341",Ambattur,Tamil Nadu,735022,Narayana Group,ICSE,BBA,hiralsane@example.com,+91 2508696042,Female,Marketing,Social media,12:27:54,13:13:54,Lakshmi,Scope of the course,No
110,02-01-2024,Jalsa,25,Nihal,Teacher,"21, Nanda Street, Hajipur 835221",Sultan Pur Majra,Tamil Nadu,394259,Vidhya Mandir,State,MBA,jchawla@example.net,+91 08834626261,Male,Finance,Friends,09:53:42,10:40:42,Lakshmi,"Specialization available, Other Queries",Yes
111,02-01-2024,Lucky,24,Jonathan,Doctor,"52/405, Mallick, Guwahati-238076",Thanjavur,Kerala,540414,St. Joseph's Matriculation,CBSE,MBA,lrege@example.org,+91 08229406733,Male,HR,Website,11:59:04,12:46:04,Lakshmi,Availability of Hostel facility,Yes
112,02-01-2024,Urvashi,25,Dhruv,Doctor,"H.No. 249, Venkataraman Street, Sultan Pur Majra-549732",Ranchi,Tamil Nadu,311280,National Public School,State,BBA,lekhabuch@example.org,+91 8344511280,Female,HR,LinkedIn,14:39:10,15:10:10,Lakshmi,Specialization available,No
113,02-01-2024,Meera,18,Faris,Farmer,"21/934, Kaul Ganj, Udupi 177523",Tadipatri,Telugu,365910,St. Joseph's Matriculation,ICSE,MBA,faraj31@example.org,+91 5681353707,Male,HR,Social media,14:41:36,15:05:36,Lakshmi,"No.of candidates placed, Brochure Request",Yes
114,02-01-2024,Chameli,20,Simon,Doctor,"699, Gera Street, Naihati-944400",Rajpur Sonarpur,Telugu,381063,Don Bosco School,State,BBA,ayaantella@example.com,+91 +919877095258,Female,HR,Website,17:48:08,17:54:08,Lakshmi,"Campus Location, Placement opportunities, No Interest",No
115,02-01-2024,Qabil,25,Tanish,Engineer,"77/807, Sane Chowk, Warangal 808824",Chittoor,Kerala,383241,National Public School,State,BBA,tarak91@example.com,+91 +917444921230,Male,Operations,Cricket Match,11:34:28,12:21:28,Lakshmi,"Brochure Request, Campus Location",No
116,02-01-2024,Samarth,17,Vasana,Engineer,"H.No. 38, Sahni Ganj, Vellore 534122",Farrukhabad,Tamil Nadu,535574,St. Joseph's Matriculation,ICSE,MBA,williambiswas@example.org,+91 1306909038,Female,HR,Website,14:19:36,15:04:36,Lakshmi,"No Interest, Brochure Request",No
117,02-01-2024,Gavin,20,Hemang,Engineer,"37/26, Bumb Marg, Ghaziabad-449328",Kharagpur,Kerala,464404,Chinmaya Vidyalaya,CBSE,BBA,kswaminathan@example.org,+91 1588844866,Male,Marketing,Website,14:52:11,15:16:11,Lakshmi,Campus Location,No
118,02-01-2024,Girish,24,Leela,Teacher,"H.No. 77, Dayal Path, Bhavnagar-810330",Kharagpur,Kerala,874759,National Public School,ICSE,MBA,mohini56@example.org,+91 +913394998394,Female,Marketing,Website,10:13:42,10:25:42,Lakshmi,"No Interest, Fee Structure Inquiry",Yes
119,02-01-2024,Vyanjana,25,Ekanta,Engineer,"H.No. 47, Sule Circle, Varanasi-498006",Gudivada,Kerala,919894,National Public School,State,BBA,saranaadhya@example.org,+91 01862883658,Male,Operations,Social media,09:51:44,10:38:44,Lakshmi,Scope of the course,Yes
120,02-01-2024,Yachana,25,Arin,Doctor,"72, Som Chowk, Phagwara-103195",Bhubaneswar,Kerala,316118,Chinmaya Vidyalaya,CBSE,MBA,liladate@example.com,+91 09268570134,Male,HR,Cricket Match,16:50:17,17:12:17,Lakshmi,"No.of candidates placed, Scope of the course",Yes
121,02-01-2024,Hardik,22,Januja,Businessman,"68/02, Walla Road, Bellary-409563",Alappuzha,Tamil Nadu,85578,St. Joseph's Matriculation,State,BBA,hitesh18@example.com,+91 02313195387,Female,Finance,Website,12:54:29,13:52:29,Lakshmi,"Brochure Request, Availability of Hostel facility",Yes
122,02-01-2024,Nisha,20,Timothy,Businessman,"69, Karan, Jamnagar 919224",Kolhapur,Kerala,69297,Chinmaya Vidyalaya,State,BBA,balvan25@example.net,+91 0215261269,Female,Operations,Cricket Match,10:32:04,10:53:04,Lakshmi,Other Queries,Yes
123,02-01-2024,Chasmum,25,Bhavya,Teacher,"928, Prabhu, Visakhapatnam-825480",Mehsana,Tamil Nadu,824417,Vidhya Mandir,ICSE,MBA,ishita09@example.org,+91 9664404777,Male,Finance,Cricket Match,13:33:57,14:04:57,Lakshmi,Fee Structure Inquiry,No
124,02-01-2024,Kashish,19,Sathvik,Teacher,"H.No. 94, Khurana Ganj, Chennai-247368",Ambala,Kerala,888221,Chinmaya Vidyalaya,CBSE,BBA,nagarajanpooja@example.com,+91 7492609297,Male,Finance,Cricket Match,10:42:58,11:05:58,Lakshmi,"No.of candidates placed, Campus Location",No
125,02-01-2024,Jairaj,23,Vihaan,Businessman,"H.No. 774, Dara Zila, Pondicherry-134839",Amaravati,Tamil Nadu,696104,St. Joseph's Matriculation,State,BBA,nicholas81@example.org,+91 +917382049555,Male,HR,Friends,09:31:23,10:04:23,Lakshmi,"No Interest, Other Queries",No
126,02-01-2024,Idika,20,Qarin,Businessman,"H.No. 32, Khurana, Kalyan-Dombivli 750064",Ahmedabad,Telugu,484535,National Public School,State,MBA,zarnachada@example.com,+91 02760000911,Female,Marketing,Website,09:43:30,10:32:30,Jenifer,No Interest,Yes
127,02-01-2024,Reva,20,Dhruv,Teacher,"H.No. 15, Gala Path, Haldia 079213",Pudukkottai,Kerala,595082,National Public School,ICSE,MBA,chamanmander@example.net,+91 06497890542,Male,HR,Cricket Match,16:16:03,16:44:03,Jenifer,Campus Location,No
128,02-01-2024,Veer,21,Christopher,Engineer,"63/466, Sur Marg, Singrauli 450360",Belgaum,Tamil Nadu,856040,National Public School,State,MBA,wridesh73@example.com,+91 +913351573322,Female,Marketing,Website,15:41:08,16:29:08,Jenifer,"No.of candidates placed, Scope of the course, Campus Location",Yes
129,02-01-2024,Vamakshi,25,Hemangini,Teacher,"99, Srinivasan Chowk, Kolkata 647270",Yamunanagar,Telugu,487471,St. Joseph's Matriculation,ICSE,BBA,qbhatnagar@example.net,+91 +917531461709,Female,Finance,Friends,12:27:49,13:12:49,Jenifer,"Campus Location, Scope of the course, No.of candidates placed",No
130,02-01-2024,Wazir,20,Leena,Teacher,"H.No. 84, Garg Chowk, Tiruvottiyur-617347",Kalyan-Dombivli,Telugu,803647,Vidhya Mandir,ICSE,BBA,mjoshi@example.net,+91 +914553049235,Female,Operations,Website,10:19:59,11:07:59,Jenifer,"No.of candidates placed, Specialization available, Scope of the course",Yes
131,02-01-2024,Panini,22,Samarth,Farmer,"49/93, Keer Ganj, Katni 426851",Anantapuram,Tamil Nadu,71613,Narayana Group,CBSE,MBA,bailabhiram@example.com,+91 6482649599,Male,Marketing,Friends,12:52:36,12:58:36,Jenifer,No Interest,Yes
132,02-01-2024,Charles,22,Yahvi,Businessman,"H.No. 93, Mallick Zila, Malda-620615",Warangal,Tamil Nadu,357295,National Public School,State,MBA,omaja33@example.com,+91 2969932959,Male,HR,LinkedIn,12:35:08,13:23:08,Jenifer,"Availability of Hostel facility, Placement opportunities, No.of candidates placed",No
133,02-01-2024,Dhriti,20,Aahana,Doctor,"53, Shere Road, Hyderabad 087383",Satara,Telugu,301005,Vidhya Mandir,ICSE,MBA,rachanatailor@example.org,+91 06821282956,Female,Marketing,Website,10:41:47,10:55:47,Jenifer,"No Interest, Brochure Request, Placement opportunities",Yes
134,02-01-2024,Madhav,19,Nandini,Engineer,"388, Grewal Street, Ballia-341291",Avadi,Telugu,683083,National Public School,CBSE,BBA,shenoynaveen@example.com,+91 +917998287564,Male,Finance,Cricket Match,16:11:49,17:06:49,Jenifer,Campus Location,No
135,02-01-2024,Nicholas,17,Zilmil,Doctor,"H.No. 631, Bandi Road, Sagar-215547",Kalyan-Dombivli,Tamil Nadu,43185,Narayana Group,CBSE,BBA,vincentgupta@example.net,+91 06859175882,Female,Operations,Friends,14:39:35,14:45:35,Jenifer,"Brochure Request, No Interest, Other Queries",No
136,02-01-2024,Yashoda,21,Zansi,Farmer,"H.No. 57, Vora Zila, Raipur 732039",Ambarnath,Kerala,932596,Vidhya Mandir,ICSE,MBA,faris27@example.net,+91 0701931642,Male,Finance,Friends,14:05:30,14:41:30,Jenifer,"Fee Structure Inquiry, Specialization available, Other Queries",No
137,02-01-2024,Zilmil,22,Thomas,Teacher,"82, Apte Road, Nashik-211074",Tiruchirappalli,Kerala,361317,Don Bosco School,ICSE,BBA,parekhudarsh@example.com,+91 03552749767,Female,HR,Social media,14:52:30,15:48:30,Jenifer,"Fee Structure Inquiry, Other Queries",Yes
138,02-01-2024,William,20,Chaman,Engineer,"50/620, Parmer Nagar, Haridwar 958997",Hospet,Kerala,724618,Chinmaya Vidyalaya,State,BBA,vtailor@example.com,+91 8180938876,Male,Finance,Website,13:02:38,14:02:38,Jenifer,"Placement opportunities, Availability of Hostel facility",Yes
139,02-01-2024,Watika,20,Eshana,Farmer,"54/487, Chhabra Circle, Purnia 126158",Ghaziabad,Telugu,676054,St. Joseph's Matriculation,State,BBA,maneadya@example.com,+91 07884797724,Male,Finance,Cricket Match,12:48:21,13:01:21,Jenifer,"Specialization available, Availability of Hostel facility",Yes
140,02-01-2024,Ojasvi,22,Chameli,Doctor,"61/64, Tak Chowk, Saharsa 032797",Firozabad,Kerala,645833,Chinmaya Vidyalaya,State,MBA,waliaindali@example.org,+91 00326456336,Female,Operations,LinkedIn,17:40:03,18:26:03,Jenifer,"No Interest, Campus Location",Yes
141,02-01-2024,Kala,24,Ishwar,Doctor,"H.No. 21, Shan Road, Bahraich 403947",Satna,Tamil Nadu,819728,St. Joseph's Matriculation,State,MBA,hardikvarghese@example.com,+91 7001574627,Female,Operations,Social media,16:45:09,17:19:09,Jenifer,Availability of Hostel facility,No
142,02-01-2024,Sai,23,Amara,Farmer,"762, Ram Nagar, Ahmednagar-708936",Hindupur,Tamil Nadu,674232,Chinmaya Vidyalaya,CBSE,MBA,mitterabhimanyu@example.net,+91 08859377707,Female,Finance,Friends,15:07:07,15:44:07,Jenifer,No Interest,Yes
143,02-01-2024,Faqid,20,Chakradev,Businessman,"220, Sura Circle, Aizawl-540190",Pune,Tamil Nadu,426151,Don Bosco School,CBSE,MBA,kashyappraneel@example.org,+91 01813772301,Female,HR,Friends,11:02:52,11:21:52,Jenifer,Fee Structure Inquiry,Yes
144,02-01-2024,Isaac,20,Kai,Doctor,"561, Banik Marg, Adoni 034923",Tirupati,Tamil Nadu,61596,St. Joseph's Matriculation,State,MBA,imuni@example.com,+91 +911280888795,Male,Marketing,Cricket Match,15:29:46,15:53:46,Jenifer,"Fee Structure Inquiry, Scope of the course",No
145,02-01-2024,Adya,22,Manthan,Businessman,"04/54, Dugal Marg, Nizamabad 430244",North Dumdum,Telugu,345509,Narayana Group,State,BBA,wishi87@example.net,+91 4694735774,Female,Operations,Friends,17:06:39,17:34:39,Jenifer,"No Interest, Placement opportunities, Brochure Request",No
146,02-01-2024,Rehaan,21,Vihaan,Businessman,"H.No. 44, Thakkar Circle, Morena 805074",Kalyan-Dombivli,Kerala,250700,Vidhya Mandir,ICSE,MBA,noriurvashi@example.org,+91 9074918923,Female,HR,LinkedIn,11:48:38,12:22:38,Jenifer,"Scope of the course, Brochure Request",Yes
147,02-01-2024,Dayamai,21,Raagini,Doctor,"64, Minhas, Ahmednagar 285817",Salem,Kerala,374555,Chinmaya Vidyalaya,CBSE,MBA,ktailor@example.org,+91 1580789647,Female,Finance,Website,14:43:35,14:59:35,Jenifer,Fee Structure Inquiry,No
148,02-01-2024,Simon,17,Ryan,Teacher,"048, Wason Zila, Karaikudi-385246",Muzaffarpur,Tamil Nadu,807672,Narayana Group,CBSE,MBA,hemangmangat@example.org,+91 02026606049,Male,Operations,Website,17:59:47,18:55:47,Jenifer,Campus Location,Yes
149,02-01-2024,Janani,22,Devansh,Teacher,"31/509, Buch Road, Lucknow 381359",Panihati,Telugu,123027,St. Joseph's Matriculation,CBSE,BBA,ethanrout@example.com,+91 +915691373923,Male,Finance,Cricket Match,13:02:24,14:00:24,Jenifer,No Interest,No
150,02-01-2024,Liam,17,Veda,Doctor,"31/421, Narasimhan Path, Khandwa-114536",Sonipat,Telugu,270796,St. Joseph's Matriculation,CBSE,MBA,sanyadeo@example.com,+91 +916237781752,Female,Finance,LinkedIn,09:42:23,10:10:23,Jenifer,"No Interest, Placement opportunities, Specialization available",No
151,02-01-2024,Ekalinga,25,Yachana,Doctor,"47/65, Sampath Road, Hajipur-482928",Karawal Nagar,Kerala,229455,St. Joseph's Matriculation,CBSE,BBA,palagastya@example.com,+91 01482377513,Male,HR,Cricket Match,12:42:17,13:28:17,Raj,Fee Structure Inquiry,Yes
152,02-01-2024,Orinder,22,Bachittar,Engineer,"076, Sarraf Chowk, Mirzapur-851741",Aurangabad,Kerala,362153,St. Joseph's Matriculation,State,MBA,wyatt80@example.net,+91 02310732232,Male,HR,Cricket Match,13:33:50,14:01:50,Raj,"Availability of Hostel facility, Scope of the course, Specialization available",No
153,02-01-2024,Jagvi,24,Dhriti,Doctor,"87, Chadha Marg, Aizawl-128230",Tiruchirappalli,Tamil Nadu,637196,National Public School,ICSE,MBA,mnagi@example.net,+91 +915559767632,Male,HR,Website,15:42:34,16:17:34,Raj,No Interest,Yes
154,02-01-2024,Parth,19,Jeet,Farmer,"H.No. 02, Wadhwa Ganj, Erode 209123",Berhampore,Kerala,420775,Chinmaya Vidyalaya,State,MBA,ikshitahanda@example.org,+91 9723270771,Male,Finance,LinkedIn,13:30:04,14:27:04,Raj,Campus Location,No
155,02-01-2024,Siya,22,Mitesh,Teacher,"56, Hari Marg, Nagpur-099662",Kozhikode,Telugu,672128,St. Joseph's Matriculation,ICSE,BBA,gaurikaraval@example.net,+91 7865834673,Male,HR,Social media,14:42:11,15:33:11,Raj,Brochure Request,No
156,02-01-2024,Bina,18,Aahana,Doctor,"10/68, Sangha Ganj, Srinagar 804958",Orai,Telugu,366063,National Public School,CBSE,BBA,usachar@example.net,+91 +914973658845,Male,HR,LinkedIn,12:39:14,13:23:14,Raj,"Fee Structure Inquiry, No.of candidates placed, Campus Location",Yes
157,02-01-2024,Kavya,19,Bimala,Engineer,"H.No. 36, Wagle Road, Shimoga-873474",Patna,Tamil Nadu,960719,Vidhya Mandir,ICSE,BBA,ochakraborty@example.org,+91 +912016658631,Male,Operations,LinkedIn,15:38:23,16:00:23,Raj,"Specialization available, Brochure Request, Other Queries",No
158,02-01-2024,Aayush,24,Christopher,Engineer,"271, Loyal Road, Davanagere 762131",Panvel,Telugu,272706,Narayana Group,State,BBA,anamika19@example.org,+91 05926477799,Female,Operations,Website,17:55:07,18:23:07,Raj,"No Interest, No.of candidates placed, Placement opportunities",No
159,02-01-2024,Samarth,25,Dominic,Teacher,"626, Suresh, Pallavaram-196540",Mathura,Kerala,496456,St. Joseph's Matriculation,ICSE,MBA,ektahans@example.com,+91 8968364120,Male,Marketing,Website,14:20:35,14:32:35,Raj,"Scope of the course, Other Queries, Availability of Hostel facility",Yes
160,02-01-2024,Neha,21,Nicholas,Businessman,"H.No. 013, Keer Zila, Dibrugarh 109172",Anand,Telugu,317257,St. Joseph's Matriculation,ICSE,BBA,gunbirmerchant@example.net,+91 +918207970515,Female,HR,Social media,16:25:10,17:02:10,Raj,Other Queries,Yes
161,02-01-2024,Anamika,21,Deepa,Teacher,"46/85, Mangat, Kochi-464666",Machilipatnam,Telugu,130967,Chinmaya Vidyalaya,State,BBA,dayamai33@example.com,+91 03177977565,Female,HR,Social media,16:32:36,16:51:36,Raj,"Fee Structure Inquiry, No.of candidates placed",Yes
162,02-01-2024,Vrinda,17,Zilmil,Doctor,"60, Kapur Circle, Uluberia-121971",Udupi,Tamil Nadu,469367,St. Joseph's Matriculation,State,MBA,tbala@example.org,+91 3362623770,Male,Operations,Cricket Match,09:21:58,09:27:58,Raj,No.of candidates placed,Yes
163,02-01-2024,Mahika,19,Anjali,Farmer,"63/86, Boase Chowk, Ghaziabad-603737",Davanagere,Telugu,266042,Narayana Group,CBSE,MBA,avni66@example.org,+91 +916383298353,Male,Operations,Social media,10:44:45,11:01:45,Raj,"Other Queries, No.of candidates placed",Yes
164,02-01-2024,Balvan,22,Karan,Doctor,"32/08, Koshy Marg, Dindigul-744429",Darbhanga,Kerala,489951,Vidhya Mandir,State,BBA,jvasa@example.net,+91 +916060597707,Male,Finance,Website,17:13:03,18:12:03,Raj,"No Interest, Scope of the course, No.of candidates placed",No
165,02-01-2024,Lopa,24,Mahika,Doctor,"712, Tandon Marg, Dehradun-439496",Kolhapur,Telugu,4870,Vidhya Mandir,State,BBA,mloyal@example.org,+91 +917495845685,Female,HR,Cricket Match,16:37:49,17:20:49,Raj,Availability of Hostel facility,No
166,02-01-2024,David,18,Eesha,Doctor,"57/97, Ravel Road, Rewa 116057",Tiruchirappalli,Kerala,742948,St. Joseph's Matriculation,CBSE,BBA,dalalqadim@example.com,+91 09583801617,Female,Marketing,Friends,10:49:37,10:55:37,Raj,"Brochure Request, Other Queries, No Interest",No
167,02-01-2024,Bakhshi,23,Yatan,Engineer,"88/205, Raghavan Circle, Chennai-625256",Ambala,Tamil Nadu,462395,National Public School,ICSE,MBA,nimrat76@example.net,+91 09676535520,Male,Finance,Friends,16:22:44,16:42:44,Raj,Availability of Hostel facility,Yes
168,02-01-2024,Anita,21,Timothy,Businessman,"49/08, Behl Marg, Allahabad-110057",Rourkela,Kerala,71701,Chinmaya Vidyalaya,CBSE,MBA,chaitanya53@example.net,+91 5168086424,Female,HR,LinkedIn,11:42:33,12:12:33,Raj,Other Queries,No
169,02-01-2024,Vincent,22,Upma,Farmer,"79/48, Kata Road, Vellore 188366",Hubli–Dharwad,Tamil Nadu,859660,Vidhya Mandir,CBSE,BBA,shivani72@example.net,+91 +915161242830,Female,Finance,Friends,14:03:01,14:26:01,Raj,Placement opportunities,Yes
170,02-01-2024,Mitali,25,Keya,Businessman,"H.No. 23, Sabharwal Circle, Narasaraopet-562877",Erode,Telugu,591741,National Public School,State,MBA,cradhakrishnan@example.org,+91 7152870030,Male,Operations,LinkedIn,15:18:56,15:59:56,Raj,"Brochure Request, Availability of Hostel facility, Specialization available",No
171,02-01-2024,Victor,21,Oscar,Teacher,"87/99, Srinivasan Path, Muzaffarpur 648339",Raiganj,Kerala,954362,Chinmaya Vidyalaya,State,MBA,chakrabartiteerth@example.net,+91 06661981163,Male,Marketing,LinkedIn,10:40:08,11:22:08,Raj,"Availability of Hostel facility, Campus Location, No.of candidates placed",Yes
172,02-01-2024,Charita,21,Qarin,Teacher,"H.No. 56, Raj Chowk, Ozhukarai 945037",Karaikudi,Tamil Nadu,424725,Chinmaya Vidyalaya,ICSE,BBA,eoza@example.net,+91 2721839270,Female,HR,Social media,09:08:17,09:43:17,Raj,"Placement opportunities, Other Queries",Yes
173,02-01-2024,Om,23,Banjeet,Engineer,"180, Kapoor Zila, Sirsa-140080",Anantapuram,Tamil Nadu,399706,National Public School,ICSE,MBA,daurora@example.com,+91 00654315475,Female,Marketing,Social media,11:22:20,11:54:20,Raj,Specialization available,No
174,02-01-2024,Dominic,20,Naksh,Teacher,"77/51, Chowdhury, Jehanabad 563273",Rewa,Telugu,755038,Vidhya Mandir,ICSE,MBA,ambleojas@example.com,+91 03701248754,Male,Operations,Social media,13:19:21,14:04:21,Raj,"Campus Location, Other Queries, No.of candidates placed",Yes
175,02-01-2024,Hardik,23,Maya,Farmer,"95/042, Samra Nagar, Warangal 758000",Moradabad,Telugu,735838,Chinmaya Vidyalaya,CBSE,MBA,regeimaran@example.com,+91 08272329668,Female,Marketing,Friends,12:25:12,13:20:12,Raj,"Placement opportunities, No Interest, Other Queries",No
176,02-01-2024,Bhanumati,25,Anjali,Businessman,"53, Chacko, Bahraich 868841",Raiganj,Tamil Nadu,52152,Chinmaya Vidyalaya,ICSE,MBA,timothy60@example.com,+91 01757500571,Female,Finance,Website,12:56:48,13:41:48,Priya,"Campus Location, Availability of Hostel facility, Specialization available",Yes
177,02-01-2024,Lopa,24,Yauvani,Doctor,"567, Chadha Road, Suryapet-522574",Eluru,Kerala,322571,St. Joseph's Matriculation,CBSE,BBA,oviya25@example.net,+91 +911009457574,Male,Finance,Friends,12:26:52,12:50:52,Priya,"Campus Location, No.of candidates placed, Brochure Request",Yes
178,02-01-2024,Harita,20,Nimrat,Engineer,"56/146, Shukla Marg, Dhanbad 884765",Ghaziabad,Kerala,837284,Narayana Group,ICSE,BBA,yohannanjyoti@example.net,+91 02349174291,Female,Marketing,Cricket Match,11:39:31,11:44:31,Priya,"Availability of Hostel facility, Other Queries",No
179,02-01-2024,Vamakshi,21,Omya,Businessman,"H.No. 15, Memon Street, Guwahati-538821",Dindigul,Telugu,736229,Chinmaya Vidyalaya,State,MBA,bobalishani@example.com,+91 06843379217,Female,Operations,Cricket Match,11:42:18,11:59:18,Priya,Placement opportunities,No
180,02-01-2024,Jeremiah,21,Gavin,Businessman,"140, Bora Ganj, Jabalpur 734631",Aurangabad,Tamil Nadu,31971,Vidhya Mandir,State,BBA,odika59@example.net,+91 +913452304027,Female,Finance,LinkedIn,09:17:34,10:09:34,Priya,"Other Queries, Brochure Request, No Interest",Yes
181,02-01-2024,Hemangini,17,Yachana,Teacher,"48/503, Bumb Path, Guntakal-198258",Warangal,Tamil Nadu,323595,Narayana Group,ICSE,BBA,qnaidu@example.org,+91 +918754172152,Male,Operations,Website,12:45:08,12:56:08,Priya,"No.of candidates placed, Availability of Hostel facility, Scope of the course",No
182,02-01-2024,Oviya,24,Om,Doctor,"52/188, Deshpande Street, Anantapuram 794252",Gorakhpur,Tamil Nadu,637697,Chinmaya Vidyalaya,State,MBA,chaudharymohammed@example.net,+91 07964447614,Female,HR,Website,09:09:19,09:41:19,Priya,"Fee Structure Inquiry, No Interest, No.of candidates placed",No
183,02-01-2024,Yadavi,20,Baljiwan,Teacher,"98, Sawhney Chowk, Ballia-322041",Parbhani,Tamil Nadu,746599,Chinmaya Vidyalaya,ICSE,MBA,ekansh93@example.net,+91 +914597281029,Male,Operations,Cricket Match,17:09:08,17:41:08,Priya,"Fee Structure Inquiry, Scope of the course",No
184,02-01-2024,Divya,19,Pushti,Engineer,"H.No. 364, Kalla Path, Ambala-592531",Kurnool,Telugu,710576,Narayana Group,CBSE,MBA,xdani@example.org,+91 +919330674394,Male,Marketing,Website,12:41:42,13:04:42,Priya,"No.of candidates placed, Other Queries, Campus Location",No
185,02-01-2024,Nathan,23,Ijaya,Teacher,"H.No. 567, Dyal Street, Bhusawal 690086",North Dumdum,Tamil Nadu,700058,Chinmaya Vidyalaya,ICSE,BBA,zansisandal@example.net,+91 0776685291,Male,Finance,Website,17:36:03,18:08:03,Priya,Specialization available,Yes
186,02-01-2024,Darsh,23,Aashi,Doctor,"H.No. 53, Garg Zila, Chennai-305356",Bhusawal,Tamil Nadu,38644,Chinmaya Vidyalaya,ICSE,BBA,udarsh35@example.com,+91 +914410646237,Female,Marketing,Website,13:44:55,14:38:55,Priya,"Specialization available, No.of candidates placed, Availability of Hostel facility",Yes
187,02-01-2024,Arjun,23,Vrinda,Businessman,"239, Vora, Bhagalpur-667901",Katni,Tamil Nadu,850694,National Public School,ICSE,BBA,hkale@example.net,+91 0678302012,Female,HR,Friends,09:19:11,10:17:11,Priya,Specialization available,No
188,02-01-2024,Mugdha,21,Januja,Teacher,"36/11, Chaudhry Path, Amroha-049056",Coimbatore,Tamil Nadu,808240,Don Bosco School,State,BBA,dkrish@example.org,+91 8737062919,Female,Operations,Cricket Match,11:32:24,12:31:24,Priya,"No.of candidates placed, Scope of the course",Yes
189,02-01-2024,Avi,21,Abdul,Businessman,"H.No. 50, Bhattacharyya Ganj, Hubli–Dharwad 924648",Patiala,Telugu,547266,Vidhya Mandir,ICSE,BBA,parsabachittar@example.net,+91 7389505487,Male,Finance,Friends,14:10:57,14:39:57,Priya,No.of candidates placed,Yes
190,02-01-2024,Raagini,22,Divya,Teacher,"808, Walia Zila, Panvel-531931",Kadapa,Tamil Nadu,942610,Vidhya Mandir,CBSE,MBA,zkeer@example.net,+91 +918982427054,Male,Finance,Friends,10:36:19,10:45:19,Priya,"Specialization available, Campus Location, No Interest",No
191,02-01-2024,Tarak,19,Daksha,Doctor,"671, Chanda Zila, Saharanpur 670076",Bokaro,Kerala,29145,St. Joseph's Matriculation,State,BBA,qdhar@example.net,+91 8815089360,Male,Finance,Friends,17:33:39,17:41:39,Priya,"Specialization available, Other Queries",Yes
192,02-01-2024,Aarush,22,Laksh,Doctor,"H.No. 48, Dani Circle, Jehanabad 104845",Dhanbad,Kerala,15442,Vidhya Mandir,State,MBA,gangulylaban@example.org,+91 00484760608,Female,Marketing,Social media,11:32:00,11:41:00,Priya,"Campus Location, Placement opportunities, Specialization available",No
193,02-01-2024,Radha,17,Luke,Engineer,"24, Saraf Road, Junagadh-285189",Junagadh,Tamil Nadu,380401,Vidhya Mandir,CBSE,BBA,chaitanyagara@example.org,+91 +917018503436,Female,Finance,Website,15:08:29,15:42:29,Priya,"Other Queries, Placement opportunities",No
194,02-01-2024,Zarna,19,Raghav,Engineer,"H.No. 288, Prabhu Zila, Malda-213062",Cuttack,Telugu,537720,St. Joseph's Matriculation,ICSE,MBA,yoshitasalvi@example.com,+91 03899954946,Male,Finance,Friends,12:32:59,13:23:59,Priya,Placement opportunities,Yes
195,02-01-2024,Gaurang,19,Darpan,Engineer,"80/66, Dara Chowk, Bellary 296141",Kirari Suleman Nagar,Kerala,577741,St. Joseph's Matriculation,ICSE,MBA,goyalrajata@example.net,+91 +919166015734,Female,Operations,Cricket Match,09:18:25,09:30:25,Priya,No Interest,Yes
196,02-01-2024,Baghyawati,17,Kalpit,Businessman,"32/953, Mukhopadhyay Street, Guntur 222418",Satna,Kerala,553087,Don Bosco School,ICSE,MBA,kariazaan@example.org,+91 9784002241,Female,Marketing,Cricket Match,12:25:05,13:21:05,Priya,No.of candidates placed,Yes
197,02-01-2024,Xiti,24,Ayaan,Doctor,"H.No. 41, Buch Zila, Bilaspur 612898",Morena,Tamil Nadu,76197,St. Joseph's Matriculation,CBSE,BBA,rattiwarhi@example.org,+91 04266442879,Male,Marketing,Cricket Match,13:35:21,14:20:21,Priya,"Brochure Request, Specialization available",No
198,02-01-2024,Sachi,20,Dakshesh,Businessman,"87, Walia Path, Uluberia 770534",Kottayam,Kerala,631978,National Public School,State,BBA,bina33@example.com,+91 +910376949226,Female,HR,Friends,17:41:32,18:13:32,Priya,No Interest,No
199,02-01-2024,Raghav,20,Shivansh,Engineer,"16, Gandhi Road, Imphal-394106",Satna,Kerala,606140,Narayana Group,State,MBA,pandeyvritti@example.net,+91 8421242754,Female,HR,Cricket Match,17:31:14,18:30:14,Priya,"Specialization available, Placement opportunities",No
200,02-01-2024,Veda,17,Urmi,Doctor,"68/83, Balan Circle, Buxar-874896",Noida,Kerala,820861,Vidhya Mandir,CBSE,BBA,ymane@example.net,+91 +914471726858,Male,Operations,LinkedIn,16:09:37,16:36:37,Priya,"Brochure Request, Availability of Hostel facility, Specialization available",Yes
201,03-01-2024,Aayush,23,Meghana,Doctor,"H.No. 391, Krishnamurthy Nagar, Navi Mumbai-875739",Indore,Telugu,367560,National Public School,State,BBA,dhaliwalwazir@example.org,+91 07105208061,Male,Marketing,Website,10:56:57,11:49:57,Lakshmi,No.of candidates placed,No
202,03-01-2024,Jalsa,21,Megha,Businessman,"87, Subramanian Zila, Gaya 350860",Coimbatore,Kerala,7649,Chinmaya Vidyalaya,State,MBA,cmishra@example.com,+91 +917967982562,Female,Operations,Website,10:46:41,11:15:41,Lakshmi,No Interest,No
203,03-01-2024,Sachi,18,Max,Farmer,"75/22, Nori Road, Kakinada 626171",Karimnagar,Telugu,703317,National Public School,CBSE,BBA,falguni28@example.org,+91 09315444463,Male,Marketing,Website,15:11:06,16:01:06,Lakshmi,"Scope of the course, Campus Location, Placement opportunities",No
204,03-01-2024,Ganga,25,Lohit,Engineer,"H.No. 374, Iyer Nagar, Kurnool-991160",Srikakulam,Telugu,437814,Chinmaya Vidyalaya,CBSE,MBA,harrison63@example.com,+91 04745505993,Male,Finance,LinkedIn,09:13:42,09:19:42,Lakshmi,"Brochure Request, Fee Structure Inquiry, Placement opportunities",Yes
205,03-01-2024,Om,23,Krisha,Teacher,"H.No. 074, Chad Ganj, Muzaffarpur 473475",Jabalpur,Telugu,277595,Vidhya Mandir,ICSE,MBA,suriluke@example.net,+91 06326998789,Female,Finance,LinkedIn,09:28:59,09:35:59,Lakshmi,"Specialization available, Placement opportunities, Campus Location",No
206,03-01-2024,Anay,25,Harita,Engineer,"H.No. 36, Chauhan Road, Bettiah 837097",Phusro,Kerala,410789,Vidhya Mandir,ICSE,MBA,qdatta@example.net,+91 04652884409,Male,HR,Website,10:14:26,10:21:26,Lakshmi,"Brochure Request, No Interest",Yes
207,03-01-2024,Mugdha,21,Upma,Teacher,"83/30, Agarwal Path, Giridih 169502",Pali,Kerala,326234,Narayana Group,State,BBA,wakeetasrinivasan@example.org,+91 03001163797,Female,Finance,Cricket Match,10:26:31,10:45:31,Lakshmi,"Campus Location, Fee Structure Inquiry, No Interest",Yes
208,03-01-2024,Falan,23,Brinda,Businessman,"743, Pau Chowk, Giridih 584915",Thrissur,Kerala,657452,Narayana Group,CBSE,BBA,bhallajanani@example.org,+91 +917017146969,Male,HR,LinkedIn,12:43:27,13:06:27,Lakshmi,"No.of candidates placed, Brochure Request",Yes
209,03-01-2024,Hitesh,23,Nidhi,Doctor,"714, Karnik Street, Jamnagar-378677",Naihati,Tamil Nadu,178585,Narayana Group,State,BBA,balvan07@example.com,+91 6480821006,Female,Operations,Website,09:52:00,10:42:00,Lakshmi,"Availability of Hostel facility, Scope of the course",No
210,03-01-2024,Joshua,20,Omya,Engineer,"H.No. 996, Garg, Kamarhati 120177",Vasai-Virar,Telugu,831670,Vidhya Mandir,State,MBA,chanakya02@example.net,+91 3253028719,Female,HR,Social media,10:15:58,10:53:58,Lakshmi,No.of candidates placed,No
211,03-01-2024,Ayushman,25,Orinder,Farmer,"H.No. 50, Tella Nagar, Tumkur 575186",Karimnagar,Telugu,256606,Vidhya Mandir,CBSE,MBA,ramachandranrishi@example.org,+91 8572534597,Male,Finance,Friends,14:21:09,14:41:09,Lakshmi,"No.of candidates placed, Availability of Hostel facility, Brochure Request",Yes
212,03-01-2024,Theodore,19,Chakradhar,Farmer,"00/370, Bhandari Marg, Haridwar-937901",Ranchi,Kerala,221263,Narayana Group,State,MBA,indali75@example.com,+91 +918441892485,Male,HR,Social media,10:55:08,11:36:08,Lakshmi,Campus Location,Yes
213,03-01-2024,Bhavini,25,Tarak,Farmer,"22/254, Sangha Path, Hubli–Dharwad 486847",Bhagalpur,Telugu,873641,Chinmaya Vidyalaya,CBSE,MBA,kalealexander@example.com,+91 5554222866,Female,Operations,Website,13:04:41,13:58:41,Lakshmi,"Scope of the course, Availability of Hostel facility",No
214,03-01-2024,Zayan,24,Ikbal,Teacher,"H.No. 481, Chaudhari Nagar, Ambarnath-662143",Dharmavaram,Telugu,92213,Narayana Group,State,BBA,akeer@example.org,+91 +914754299653,Male,Marketing,LinkedIn,14:42:40,14:53:40,Lakshmi,No.of candidates placed,Yes
215,03-01-2024,Zayan,19,Siddharth,Doctor,"33/977, Ratti Marg, Miryalaguda-213090",Sagar,Kerala,288017,Don Bosco School,ICSE,BBA,diptabhakta@example.com,+91 +917788200466,Female,Operations,Cricket Match,10:07:48,10:12:48,Lakshmi,"Placement opportunities, Availability of Hostel facility",No
216,03-01-2024,Dev,23,Qasim,Doctor,"95/20, Chad Marg, Thrissur 662309",Morbi,Telugu,399777,National Public School,ICSE,MBA,svasa@example.com,+91 6881743300,Male,Finance,Website,09:29:26,09:43:26,Lakshmi,"Fee Structure Inquiry, Scope of the course, Placement opportunities",Yes
217,03-01-2024,Chameli,21,Xalak,Engineer,"254, Pant Chowk, Vijayawada-225973",Nandyal,Tamil Nadu,654648,Don Bosco School,CBSE,MBA,abhadeshmukh@example.net,+91 3955730491,Male,Operations,Friends,17:27:25,17:52:25,Lakshmi,"No.of candidates placed, Scope of the course",No
218,03-01-2024,Neelima,24,Lajita,Engineer,"49/782, Varughese, Machilipatnam 451725",Serampore,Telugu,337936,Narayana Group,State,MBA,bsane@example.com,+91 9609101341,Male,HR,LinkedIn,11:57:35,12:21:35,Lakshmi,"Specialization available, Scope of the course, Other Queries",Yes
219,03-01-2024,Chandani,17,Neel,Teacher,"566, Walla Marg, Dibrugarh-925617",Avadi,Kerala,666699,Narayana Group,State,MBA,amrutabasak@example.org,+91 07183706157,Female,Marketing,Website,10:38:47,11:07:47,Lakshmi,No Interest,Yes
220,03-01-2024,Brijesh,18,Manbir,Businessman,"246, Om Street, Nagercoil 532096",Rajahmundry,Telugu,411703,St. Joseph's Matriculation,CBSE,MBA,simonmody@example.org,+91 07470598607,Male,Finance,Website,11:14:38,11:31:38,Lakshmi,"Other Queries, Availability of Hostel facility, Campus Location",No
221,03-01-2024,Viraj,24,Chanchal,Farmer,"H.No. 45, Mammen Nagar, Guna 425303",Khandwa,Telugu,921623,Narayana Group,ICSE,MBA,anyaanne@example.net,+91 +915878028344,Male,Operations,LinkedIn,15:38:31,16:18:31,Lakshmi,No Interest,Yes
222,03-01-2024,Naveen,19,Adweta,Farmer,"47/52, Grewal Circle, Maheshtala-200348",Baranagar,Tamil Nadu,590468,National Public School,State,MBA,aryan00@example.com,+91 0542709050,Male,Operations,Website,13:13:11,13:38:11,Lakshmi,Brochure Request,Yes
223,03-01-2024,Xiti,25,Kiaan,Businessman,"540, Gokhale Ganj, Barasat-184788",Arrah,Tamil Nadu,915975,National Public School,ICSE,MBA,alexander54@example.net,+91 07946426137,Male,Marketing,Cricket Match,11:43:47,11:49:47,Lakshmi,Campus Location,No
224,03-01-2024,Amrita,21,Kritika,Engineer,"87/98, Aurora Marg, Ajmer-067941",Saharsa,Tamil Nadu,763607,Chinmaya Vidyalaya,CBSE,MBA,yachana64@example.net,+91 1552787196,Male,Operations,LinkedIn,16:08:32,16:15:32,Lakshmi,"No Interest, Specialization available",No
225,03-01-2024,Jai,18,Girish,Doctor,"94/586, Atwal Road, Bellary 995006",Saharanpur,Kerala,724519,Narayana Group,State,MBA,rjaggi@example.com,+91 +914118565142,Male,HR,Social media,11:23:32,12:18:32,Lakshmi,"Fee Structure Inquiry, No.of candidates placed",Yes
226,03-01-2024,Nilima,22,Azad,Engineer,"H.No. 253, Banerjee Nagar, Thiruvananthapuram-943646",Jalgaon,Telugu,889810,Vidhya Mandir,State,MBA,vkaur@example.org,+91 02368000117,Female,Marketing,Social media,15:22:24,15:40:24,Jenifer,"Specialization available, Campus Location, Brochure Request",No
227,03-01-2024,Chanakya,19,Advika,Teacher,"18, Joshi, Dibrugarh-920445",Dewas,Tamil Nadu,878285,Chinmaya Vidyalaya,ICSE,BBA,dakshmukhopadhyay@example.net,+91 6578203639,Male,Operations,Social media,10:15:25,10:36:25,Jenifer,"Other Queries, No.of candidates placed",Yes
228,03-01-2024,Oscar,21,Baljiwan,Doctor,"23, Ahluwalia Marg, Raipur 352245",Panchkula,Telugu,605871,St. Joseph's Matriculation,State,MBA,jdar@example.org,+91 +919776204171,Male,Operations,LinkedIn,13:27:16,14:16:16,Jenifer,Other Queries,Yes
229,03-01-2024,Nandini,23,Nimrat,Engineer,"H.No. 59, Lad Marg, Coimbatore-091319",Durg,Kerala,153304,Narayana Group,State,BBA,jhalak09@example.org,+91 06821588641,Male,HR,Friends,14:48:44,15:23:44,Jenifer,No.of candidates placed,No
230,03-01-2024,Charvi,23,Brijesh,Doctor,"60/68, Zacharia, Tadipatri-820960",Kakinada,Tamil Nadu,396011,Don Bosco School,State,BBA,naidudaniel@example.com,+91 00876762925,Male,Finance,Cricket Match,17:39:44,17:53:44,Jenifer,"Fee Structure Inquiry, Availability of Hostel facility, Other Queries",No
231,03-01-2024,Priya,19,Upkaar,Doctor,"H.No. 99, Sachdeva Ganj, Shimoga-233010",Siliguri,Tamil Nadu,944940,Vidhya Mandir,ICSE,BBA,jagvi13@example.com,+91 +918412551533,Male,HR,Website,12:31:36,13:26:36,Jenifer,Scope of the course,Yes
232,03-01-2024,Girik,25,Madhav,Businessman,"H.No. 81, Menon Marg, Pallavaram 856762",Tumkur,Telugu,736010,St. Joseph's Matriculation,State,MBA,bhattiekani@example.net,+91 5212525304,Male,Operations,Friends,13:17:56,13:38:56,Jenifer,Scope of the course,No
233,03-01-2024,Teerth,22,Edhitha,Doctor,"56/57, Samra Nagar, Jamnagar-165319",Jalna,Tamil Nadu,141240,Narayana Group,CBSE,BBA,krishnanchatresh@example.com,+91 1617280423,Female,Finance,Cricket Match,14:52:21,15:39:21,Jenifer,"Scope of the course, Specialization available",No
234,03-01-2024,Gabriel,17,Gaurika,Teacher,"61, Shan Street, Barasat-690393",Morena,Telugu,689698,Chinmaya Vidyalaya,ICSE,BBA,dbansal@example.net,+91 +913820878636,Female,Finance,Cricket Match,17:14:23,17:25:23,Jenifer,"Other Queries, Specialization available",No
235,03-01-2024,Harinakshi,18,Krisha,Engineer,"690, Nazareth Path, Jodhpur-510103",Thiruvananthapuram,Tamil Nadu,806723,National Public School,State,BBA,dchopra@example.com,+91 1906806240,Female,HR,LinkedIn,17:58:07,18:36:07,Jenifer,"No.of candidates placed, Brochure Request",Yes
236,03-01-2024,Siddharth,23,Faraj,Businessman,"H.No. 847, Khatri Street, Sirsa-074020",Panvel,Telugu,35890,National Public School,CBSE,MBA,ekiyachaudhuri@example.net,+91 07865449131,Male,Marketing,Friends,16:14:39,16:48:39,Jenifer,"No Interest, Scope of the course, Brochure Request",Yes
237,03-01-2024,Shravya,19,Victor,Teacher,"36/975, Gala Road, Sri Ganganagar 527762",Sri Ganganagar,Tamil Nadu,161926,Narayana Group,State,BBA,mdhaliwal@example.net,+91 +914871969141,Female,HR,Social media,09:43:57,10:42:57,Jenifer,"Availability of Hostel facility, Specialization available, Other Queries",Yes
238,03-01-2024,Vinaya,22,Damini,Doctor,"56, Rana Chowk, Mehsana-154516",Aurangabad,Kerala,21365,Vidhya Mandir,State,MBA,boseradha@example.net,+91 4154121338,Female,Finance,Friends,09:58:17,10:46:17,Jenifer,"No.of candidates placed, Availability of Hostel facility",No
239,03-01-2024,Aarini,22,Azad,Engineer,"H.No. 463, Ratta Road, Bhagalpur 475049",Erode,Kerala,37890,Chinmaya Vidyalaya,State,MBA,kabirmerchant@example.org,+91 +918952641049,Female,Operations,Cricket Match,14:28:24,15:13:24,Jenifer,"Specialization available, No Interest, Campus Location",Yes
240,03-01-2024,Ekbal,23,Jonathan,Engineer,"949, Jain Road, Panihati-290001",Surendranagar Dudhrej,Telugu,569469,St. Joseph's Matriculation,ICSE,MBA,max59@example.com,+91 08097313590,Female,Finance,Friends,11:13:13,11:42:13,Jenifer,Campus Location,No
241,03-01-2024,Lajita,19,Zashil,Businessman,"73/11, Chokshi Path, Ranchi 175959",Agartala,Telugu,782715,Narayana Group,ICSE,MBA,yashodamishra@example.net,+91 1907619966,Male,Operations,Website,15:50:21,16:11:21,Jenifer,"Campus Location, Scope of the course, No.of candidates placed",Yes
242,03-01-2024,Kavya,20,Ishanvi,Businessman,"82/881, Sarma Zila, Patna-439597",Deoghar,Kerala,464937,Chinmaya Vidyalaya,CBSE,BBA,aryan01@example.net,+91 3114458592,Male,Finance,LinkedIn,17:45:45,18:16:45,Jenifer,Fee Structure Inquiry,Yes
243,03-01-2024,Girish,18,Tanveer,Teacher,"34/78, Peri Ganj, Tirunelveli 929103",Durgapur,Telugu,177801,Chinmaya Vidyalaya,State,MBA,jason37@example.org,+91 7230254721,Male,Operations,Social media,15:54:27,16:27:27,Jenifer,Other Queries,Yes
244,03-01-2024,Ekiya,17,Chanakya,Teacher,"68/439, Gola Circle, Kochi 054550",Bahraich,Telugu,913403,Vidhya Mandir,ICSE,BBA,deygautami@example.com,+91 9927424710,Male,Finance,Friends,12:22:30,13:17:30,Jenifer,Other Queries,No
245,03-01-2024,Darika,21,Saanvi,Teacher,"H.No. 798, Vasa Ganj, Hyderabad-100235",Gandhinagar,Tamil Nadu,871989,Don Bosco School,ICSE,BBA,lwagle@example.org,+91 9341334961,Female,HR,LinkedIn,11:03:23,12:00:23,Jenifer,"Brochure Request, Scope of the course, Specialization available",Yes
246,03-01-2024,Dakshesh,24,Advaith,Teacher,"H.No. 215, Kale Ganj, Bhagalpur 471808",Udupi,Tamil Nadu,976860,Chinmaya Vidyalaya,State,BBA,chackochandani@example.org,+91 09543769491,Male,Finance,Friends,15:18:49,15:42:49,Jenifer,"No Interest, Specialization available",No
247,03-01-2024,Arjun,19,Oviya,Teacher,"262, Mukhopadhyay Chowk, Ahmedabad-022452",Nanded,Kerala,405813,Chinmaya Vidyalaya,ICSE,MBA,enarain@example.org,+91 +917919595294,Male,Operations,Friends,11:00:58,11:48:58,Jenifer,Specialization available,Yes
248,03-01-2024,Zayyan,20,Ucchal,Engineer,"H.No. 47, Bir Road, Hapur 085679",Kalyan-Dombivli,Kerala,738401,National Public School,State,BBA,fwali@example.org,+91 07126822829,Male,Finance,Friends,13:10:39,13:42:39,Jenifer,Specialization available,No
249,03-01-2024,Saanvi,18,Falak,Teacher,"H.No. 181, Bahri Path, South Dumdum 689015",Howrah,Kerala,688631,Vidhya Mandir,State,MBA,akala@example.org,+91 +911168200125,Male,Finance,Friends,14:08:00,14:39:00,Jenifer,"Brochure Request, No Interest",Yes
250,03-01-2024,Tanveer,20,Mitesh,Engineer,"512, Chanda Zila, Shimla-845758",Phusro,Tamil Nadu,414220,Chinmaya Vidyalaya,CBSE,BBA,amrutamane@example.net,+91 05819014713,Male,HR,Website,12:00:15,12:37:15,Jenifer,"Campus Location, Other Queries, Brochure Request",No
251,03-01-2024,Inaya,25,Yash,Businessman,"H.No. 88, Sinha Street, Nellore 324908",Bhavnagar,Telugu,50107,Narayana Group,State,BBA,henry73@example.com,+91 6349979062,Female,Marketing,Social media,10:20:07,10:25:07,Raj,"Fee Structure Inquiry, Campus Location, Other Queries",Yes
252,03-01-2024,Gaurang,23,Jalsa,Businessman,"507, Narayan Marg, Cuttack 045306",Mysore,Kerala,471102,National Public School,CBSE,MBA,yramaswamy@example.org,+91 +912951517329,Male,Operations,LinkedIn,14:36:09,15:30:09,Raj,"Campus Location, Brochure Request, Other Queries",Yes
253,03-01-2024,Isha,23,Chaitaly,Businessman,"H.No. 43, Deo Ganj, Uluberia 938801",Meerut,Tamil Nadu,82364,Vidhya Mandir,CBSE,BBA,damini24@example.org,+91 09165502130,Female,Marketing,LinkedIn,16:55:21,17:19:21,Raj,"Fee Structure Inquiry, Brochure Request",No
254,03-01-2024,Mohammed,17,Upma,Businessman,"H.No. 006, Baral Street, Chennai-774999",Thrissur,Kerala,608220,Vidhya Mandir,ICSE,BBA,yochanasheth@example.org,+91 09056044876,Male,HR,LinkedIn,14:07:53,14:18:53,Raj,"Scope of the course, No.of candidates placed, Other Queries",No
255,03-01-2024,Luke,24,Indrajit,Businessman,"H.No. 58, Sani Street, Danapur-067478",Bhusawal,Kerala,219336,St. Joseph's Matriculation,State,MBA,guneetsur@example.net,+91 7921360726,Male,HR,LinkedIn,14:18:28,14:46:28,Raj,"No.of candidates placed, Other Queries",Yes
256,03-01-2024,Ekavir,23,Indira,Businessman,"H.No. 79, Sawhney Road, Rohtak 925204",Rewa,Kerala,14183,Vidhya Mandir,ICSE,BBA,nehapalan@example.net,+91 +914586543128,Female,Marketing,Website,15:30:21,16:16:21,Raj,"No Interest, Other Queries, Fee Structure Inquiry",Yes
257,03-01-2024,Janaki,17,Anjali,Doctor,"H.No. 077, Bali Circle, Barasat 639132",Panihati,Telugu,845848,St. Joseph's Matriculation,CBSE,MBA,balendraloke@example.net,+91 06140772368,Male,Marketing,Social media,10:10:23,10:56:23,Raj,"Other Queries, Specialization available, No Interest",Yes
258,03-01-2024,Vincent,24,Kamala,Engineer,"66/63, Varughese Marg, Muzaffarnagar-420347",Kozhikode,Kerala,738685,St. Joseph's Matriculation,State,BBA,brindagarg@example.org,+91 +912382636851,Female,Marketing,Cricket Match,17:26:06,18:20:06,Raj,"Brochure Request, No Interest",No
259,03-01-2024,Odika,19,Yash,Teacher,"58/307, Rajan Street, Delhi-297685",Khora ,Tamil Nadu,611193,National Public School,State,MBA,girik54@example.net,+91 +918823531474,Female,Finance,Friends,15:40:15,16:14:15,Raj,"No Interest, Brochure Request",No
260,03-01-2024,Wakeeta,25,Yutika,Teacher,"504, Memon Chowk, Patiala 575316",Amritsar,Tamil Nadu,214713,Narayana Group,State,MBA,oakarunima@example.org,+91 07722752756,Female,HR,Cricket Match,15:31:44,15:56:44,Raj,"Fee Structure Inquiry, Campus Location, Specialization available",No
261,03-01-2024,Deepa,17,Xalak,Businessman,"895, Nanda Zila, Amroha-528327",Jalgaon,Telugu,218133,Chinmaya Vidyalaya,State,BBA,yashoda45@example.com,+91 +914260753309,Male,Marketing,Social media,14:16:02,14:52:02,Raj,Placement opportunities,Yes
262,03-01-2024,Neha,25,Advaith,Teacher,"H.No. 928, Golla Street, Belgaum-194596",Nangloi Jat,Telugu,203179,St. Joseph's Matriculation,ICSE,MBA,wrama@example.net,+91 2001574834,Female,Operations,Friends,11:03:27,11:12:27,Raj,"No.of candidates placed, Placement opportunities",Yes
263,03-01-2024,Lakshit,17,Alexander,Doctor,"01/514, Dhawan Ganj, Panvel 244339",Mangalore,Kerala,987503,Don Bosco School,ICSE,MBA,keyakota@example.com,+91 02851141661,Male,Operations,Friends,09:53:58,10:17:58,Raj,Availability of Hostel facility,Yes
264,03-01-2024,Pranav,20,Yash,Farmer,"64, Gola Road, Bardhaman 335670",Motihari,Telugu,763529,St. Joseph's Matriculation,State,MBA,rdugar@example.org,+91 5095853340,Female,Finance,Social media,15:54:27,16:20:27,Raj,"Placement opportunities, No Interest, Availability of Hostel facility",No
265,03-01-2024,Anmol,17,Manbir,Farmer,"H.No. 67, Sandal, Bhilwara 103895",Nandyal,Telugu,316254,Don Bosco School,State,BBA,vchada@example.org,+91 7930703707,Female,Marketing,Website,10:07:46,10:37:46,Raj,Brochure Request,No
266,03-01-2024,Vedhika,24,Barkha,Teacher,"H.No. 324, Bhalla Nagar, Indore-522273",Ramagundam,Kerala,810622,Don Bosco School,ICSE,MBA,ekarajkapoor@example.net,+91 6284363718,Female,Marketing,Website,13:05:47,13:56:47,Raj,No.of candidates placed,No
267,03-01-2024,Girik,25,Ria,Teacher,"77/18, Bhatti Circle, Rajahmundry 909772",Nadiad,Telugu,42730,Chinmaya Vidyalaya,ICSE,BBA,dyalnirja@example.org,+91 2040393114,Male,Operations,Website,13:53:17,14:04:17,Raj,"Brochure Request, Campus Location",No
268,03-01-2024,Advik,23,Maanav,Farmer,"02/361, Parikh Street, Tiruvottiyur 323672",Agartala,Kerala,519598,Vidhya Mandir,ICSE,MBA,ypandey@example.net,+91 04387245147,Female,Marketing,LinkedIn,14:12:02,15:05:02,Raj,Brochure Request,No
269,03-01-2024,Charles,19,Ojas,Businessman,"77/74, Mangal Street, Amaravati-158147",Jhansi,Telugu,568939,Don Bosco School,CBSE,MBA,alkamemon@example.org,+91 +916768267839,Female,HR,Website,15:59:54,16:33:54,Raj,Brochure Request,No
270,03-01-2024,Baljiwan,19,Raghav,Farmer,"22/22, Bera, Kolkata-213641",Agra,Telugu,248966,Chinmaya Vidyalaya,State,MBA,ravalpatrick@example.com,+91 03021695769,Male,Operations,Friends,16:48:34,16:53:34,Raj,Fee Structure Inquiry,No
271,03-01-2024,Warhi,20,Zashil,Farmer,"27/885, Doshi Street, Surendranagar Dudhrej 914398",Ajmer,Kerala,910490,Don Bosco School,ICSE,BBA,aayushmitter@example.org,+91 +914933507124,Female,HR,Cricket Match,17:30:55,18:09:55,Raj,Availability of Hostel facility,No
272,03-01-2024,Quincy,19,Harish,Engineer,"88, Deshpande Marg, Dhanbad-839549",Mumbai,Telugu,109010,St. Joseph's Matriculation,State,BBA,ria72@example.org,+91 09696295286,Female,Finance,LinkedIn,11:43:31,12:29:31,Raj,"Placement opportunities, Brochure Request, Availability of Hostel facility",Yes
273,03-01-2024,Watika,24,Ronith,Businessman,"H.No. 786, Bhatnagar Ganj, Amritsar-328161",Morena,Tamil Nadu,772290,Don Bosco School,CBSE,BBA,bajwakamya@example.net,+91 +914523240705,Female,HR,LinkedIn,14:06:06,14:50:06,Raj,"Availability of Hostel facility, No Interest",Yes
274,03-01-2024,Sathvik,20,Yashawini,Teacher,"H.No. 877, De Nagar, Asansol 384599",Gwalior,Kerala,910264,Vidhya Mandir,CBSE,BBA,cvasa@example.net,+91 +919543628486,Male,HR,Social media,17:48:09,18:43:09,Raj,"No.of candidates placed, Placement opportunities",Yes
275,03-01-2024,Vansha,25,Girish,Doctor,"52/37, Thaman Ganj, Tiruvottiyur-783034",Jalna,Kerala,990472,Narayana Group,State,MBA,boraharinakshi@example.net,+91 07375175166,Female,Operations,Cricket Match,13:32:30,13:49:30,Raj,"Fee Structure Inquiry, Specialization available",Yes
276,03-01-2024,Hamsini,22,Dalaja,Engineer,"30/192, Mahajan Street, Indore-790398",Kollam,Tamil Nadu,631575,Don Bosco School,ICSE,BBA,wmurthy@example.com,+91 02521865585,Female,Finance,Website,16:13:31,16:19:31,Priya,"Fee Structure Inquiry, Placement opportunities, Specialization available",No
277,03-01-2024,Ekantika,18,Warhi,Businessman,"H.No. 547, Gupta Chowk, Allahabad-235554",Vellore,Kerala,230944,Chinmaya Vidyalaya,CBSE,MBA,kavyarama@example.org,+91 +913947755270,Female,HR,Social media,10:08:54,10:48:54,Priya,"No.of candidates placed, Other Queries",Yes
278,03-01-2024,Rachana,19,Dalbir,Doctor,"99, Deol, Ongole 325208",Maheshtala,Telugu,77903,Don Bosco School,CBSE,BBA,othakkar@example.org,+91 03893472026,Female,Finance,Social media,10:16:14,10:37:14,Priya,"Fee Structure Inquiry, Placement opportunities, No.of candidates placed",No
279,03-01-2024,Lekha,23,Maanav,Teacher,"H.No. 35, Agarwal Road, Bikaner-968642",Parbhani,Kerala,521288,Chinmaya Vidyalaya,CBSE,MBA,paninibail@example.com,+91 2751086484,Female,Finance,Cricket Match,13:42:19,13:51:19,Priya,"No.of candidates placed, Other Queries",Yes
280,03-01-2024,Gautami,17,Advaith,Farmer,"H.No. 470, Karpe Circle, Morbi-766306",Satara,Telugu,336426,Chinmaya Vidyalaya,ICSE,MBA,liam05@example.net,+91 03235343458,Male,Finance,Social media,10:22:20,11:11:20,Priya,"Other Queries, Campus Location, Specialization available",No
281,03-01-2024,Harsh,25,Rudra,Teacher,"56, Comar Marg, Nizamabad 410818",Ichalkaranji,Kerala,405413,National Public School,State,MBA,shroffnoah@example.org,+91 04574779793,Male,Marketing,Social media,10:05:49,10:54:49,Priya,"Other Queries, Brochure Request, Specialization available",No
282,03-01-2024,Ranbir,25,Mohini,Engineer,"H.No. 721, Bassi Ganj, Barasat-495242",Haldia,Kerala,366994,Chinmaya Vidyalaya,CBSE,BBA,anamikakumar@example.com,+91 00427564284,Female,Operations,Cricket Match,13:22:43,14:02:43,Priya,"No Interest, No.of candidates placed, Placement opportunities",No
283,03-01-2024,Vasana,20,Vanya,Doctor,"19, Butala Path, Ambattur-132623",Chinsurah,Telugu,966950,National Public School,CBSE,MBA,chaitanyakibe@example.org,+91 4704034695,Male,Marketing,Cricket Match,17:22:00,17:40:00,Priya,"No.of candidates placed, Scope of the course",No
284,03-01-2024,Tristan,21,Warinder,Engineer,"48/908, Dara Ganj, Mehsana-338811",Mumbai,Telugu,967723,Narayana Group,ICSE,BBA,chatresh83@example.org,+91 02187082716,Female,HR,LinkedIn,09:11:08,09:35:08,Priya,Specialization available,No
285,03-01-2024,Divya,20,Abdul,Farmer,"H.No. 65, Parmar Road, Aurangabad 242490",Chittoor,Telugu,45333,Vidhya Mandir,ICSE,MBA,varughesefitan@example.net,+91 +910840210437,Female,Finance,Friends,15:58:28,16:44:28,Priya,Placement opportunities,No
286,03-01-2024,Onkar,25,Harrison,Engineer,"H.No. 815, Mutti Ganj, Nizamabad-623083",Thiruvananthapuram,Kerala,805333,Vidhya Mandir,CBSE,MBA,iupadhyay@example.org,+91 01168719840,Male,Finance,Cricket Match,16:55:13,17:04:13,Priya,"Brochure Request, Availability of Hostel facility",No
287,03-01-2024,Viraj,25,Omya,Teacher,"13/752, Aurora Chowk, Rohtak-025387",Gwalior,Kerala,5394,Chinmaya Vidyalaya,State,MBA,bathyoshita@example.net,+91 8562168612,Male,Finance,Friends,15:04:43,15:31:43,Priya,"Campus Location, Availability of Hostel facility, Specialization available",Yes
288,03-01-2024,Bhavika,21,Abhiram,Businessman,"84/73, Choudhury Chowk, Chennai-409342",Narasaraopet,Kerala,889910,National Public School,CBSE,MBA,pbhalla@example.org,+91 +914332482604,Female,Finance,Social media,17:01:47,17:39:47,Priya,Placement opportunities,No
289,03-01-2024,Samarth,17,Krishna,Teacher,"65/08, Gera Zila, Ahmednagar 964207",Bongaigaon,Tamil Nadu,444783,National Public School,ICSE,MBA,kgupta@example.net,+91 03867423709,Female,Finance,Website,13:06:53,13:27:53,Priya,"Specialization available, Placement opportunities",Yes
290,03-01-2024,Upadhriti,22,Niharika,Teacher,"47/108, Srinivas Path, Nanded 866435",Alappuzha,Tamil Nadu,409982,National Public School,State,MBA,akshay23@example.net,+91 06016890547,Female,HR,Social media,11:12:20,11:17:20,Priya,Fee Structure Inquiry,Yes
291,03-01-2024,Tristan,20,Rachana,Farmer,"23/19, Tata Circle, Hubli–Dharwad 574380",Tiruvottiyur,Kerala,591839,Chinmaya Vidyalaya,ICSE,BBA,nkhosla@example.net,+91 1450189450,Male,Operations,Friends,10:59:53,11:41:53,Priya,"Availability of Hostel facility, No Interest, Scope of the course",Yes
292,03-01-2024,Samaksh,24,Oni,Farmer,"91/88, Vyas Zila, Ramgarh-676973",Vellore,Tamil Nadu,104603,St. Joseph's Matriculation,ICSE,BBA,trivenidevan@example.com,+91 +914318114527,Male,Finance,LinkedIn,14:38:03,14:46:03,Priya,Specialization available,Yes
293,03-01-2024,Yamini,19,Chasmum,Farmer,"32/71, Narula, Purnia 264702",Nizamabad,Telugu,439337,Don Bosco School,ICSE,MBA,vyasnihal@example.org,+91 +918679147007,Female,Operations,Friends,13:36:27,14:33:27,Priya,Other Queries,No
294,03-01-2024,Faras,20,Rayaan,Farmer,"594, Viswanathan Zila, Kalyan-Dombivli-180882",Nagpur,Tamil Nadu,786678,Vidhya Mandir,State,MBA,nandalekha@example.org,+91 +917784014569,Female,Marketing,Website,09:52:22,10:42:22,Priya,"Other Queries, Brochure Request",Yes
295,03-01-2024,Abha,20,Sai,Businessman,"00/77, Deo, Dehradun 447167",Ambattur,Tamil Nadu,472795,Narayana Group,ICSE,BBA,balowen@example.com,+91 +918686018595,Male,Marketing,Website,12:18:17,12:52:17,Priya,"Availability of Hostel facility, Brochure Request",No
296,03-01-2024,Quincy,22,Vasana,Businessman,"H.No. 17, Gupta Marg, Kollam 344154",Bhiwani,Tamil Nadu,161816,Vidhya Mandir,State,MBA,natarajanekansh@example.com,+91 4527023621,Male,Operations,Friends,10:56:11,11:45:11,Priya,"Placement opportunities, No.of candidates placed",No
297,03-01-2024,Advaith,24,Unnati,Farmer,"H.No. 903, Memon Road, Rajpur Sonarpur 576058",Kadapa,Tamil Nadu,535657,National Public School,CBSE,BBA,aarushbasak@example.org,+91 +918690947452,Male,Finance,Cricket Match,13:53:08,14:36:08,Priya,"Other Queries, Availability of Hostel facility",No
298,03-01-2024,Vansha,18,Hamsini,Businessman,"49/211, Ganesan Street, Ranchi-930876",Vijayanagaram,Kerala,323610,Vidhya Mandir,ICSE,MBA,dateyatan@example.com,+91 1738215580,Female,Finance,Friends,14:22:00,15:07:00,Priya,"Availability of Hostel facility, Other Queries",No
299,03-01-2024,Manthan,20,Akshay,Farmer,"50, Shanker Nagar, Parbhani-622003",Thanjavur,Tamil Nadu,921908,Chinmaya Vidyalaya,CBSE,MBA,ramhemal@example.org,+91 +913789550001,Male,Finance,LinkedIn,12:24:52,13:09:52,Priya,Other Queries,No
300,03-01-2024,Forum,18,Baghyawati,Businessman,"45/19, Chandra, Parbhani-094306",Pune,Telugu,48739,Vidhya Mandir,State,MBA,shettybahadurjit@example.net,+91 08039144993,Male,Finance,Friends,09:11:59,09:41:59,Priya,"Campus Location, No.of candidates placed",Yes
